id,family,solved,search_median_ms,recheck_median_ms,ablation_solved,ablation,certificate_json_bytes,leaves,depth
quadratic_00,Quadratic SOS,True,0.090564,0.03382,True,expanded monomial squares only,106,,
quadratic_01,Quadratic SOS,True,0.355778,0.24262,False,expanded monomial squares only,217,,
quadratic_02,Quadratic SOS,True,0.846615,0.678676,False,expanded monomial squares only,368,,
quadratic_03,Quadratic SOS,True,1.971682,1.597387,False,expanded monomial squares only,595,,
quadratic_04,Quadratic SOS,True,3.955171,3.604051,False,expanded monomial squares only,973,,
quadratic_05,Quadratic SOS,True,0.134289,0.097254,False,expanded monomial squares only,194,,
quadratic_06,Quadratic SOS,True,0.401154,0.287226,False,expanded monomial squares only,332,,
quadratic_07,Quadratic SOS,True,0.255969,0.182911,False,expanded monomial squares only,136,,
quadratic_08,Quadratic SOS,True,1.446764,1.17384,False,expanded monomial squares only,319,,
quadratic_09,Quadratic SOS,True,3.146643,2.848461,False,expanded monomial squares only,548,,
quadratic_10,Quadratic SOS,True,0.131425,0.099297,False,expanded monomial squares only,194,,
quadratic_11,Quadratic SOS,True,0.387284,0.319994,False,expanded monomial squares only,315,,
quadratic_12,Quadratic SOS,True,0.92477,0.745044,False,expanded monomial squares only,518,,
quadratic_13,Quadratic SOS,True,2.114924,1.726648,False,expanded monomial squares only,766,,
quadratic_14,Quadratic SOS,True,1.590327,1.674191,False,expanded monomial squares only,214,,
quadratic_15,Quadratic SOS,True,0.149291,0.095712,False,expanded monomial squares only,188,,
quadratic_16,Quadratic SOS,True,0.527932,0.295368,False,expanded monomial squares only,309,,
quadratic_17,Quadratic SOS,True,0.949718,0.739146,False,expanded monomial squares only,488,,
quadratic_18,Quadratic SOS,True,2.222503,1.800488,False,expanded monomial squares only,739,,
quadratic_19,Quadratic SOS,True,4.278259,3.538643,False,expanded monomial squares only,1089,,
quadratic_20,Quadratic SOS,True,0.162351,0.096954,False,expanded monomial squares only,199,,
quadratic_21,Quadratic SOS,True,0.23583,0.163562,False,expanded monomial squares only,133,,
quadratic_22,Quadratic SOS,True,0.756791,0.616884,False,expanded monomial squares only,274,,
quadratic_23,Quadratic SOS,True,1.725827,1.439784,False,expanded monomial squares only,445,,
quadratic_24,Quadratic SOS,True,3.728385,3.201344,False,expanded monomial squares only,781,,
quadratic_25,Quadratic SOS,True,0.130303,0.099868,False,expanded monomial squares only,196,,
quadratic_26,Quadratic SOS,True,0.376238,0.294116,False,expanded monomial squares only,345,,
quadratic_27,Quadratic SOS,True,0.982606,0.844401,False,expanded monomial squares only,534,,
quadratic_28,Quadratic SOS,True,1.125928,0.965231,False,expanded monomial squares only,185,,
quadratic_29,Quadratic SOS,True,2.609147,2.390352,False,expanded monomial squares only,376,,
quadratic_30,Quadratic SOS,True,0.165144,0.098886,False,expanded monomial squares only,199,,
quadratic_31,Quadratic SOS,True,0.47242,0.296169,False,expanded monomial squares only,303,,
quadratic_32,Quadratic SOS,True,0.913534,0.718184,False,expanded monomial squares only,492,,
quadratic_33,Quadratic SOS,True,2.031881,1.675873,False,expanded monomial squares only,759,,
quadratic_34,Quadratic SOS,True,4.146094,3.428991,False,expanded monomial squares only,1057,,
quadratic_35,Quadratic SOS,True,0.103483,0.066478,False,expanded monomial squares only,117,,
quadratic_36,Quadratic SOS,True,0.361346,0.250391,False,expanded monomial squares only,227,,
quadratic_37,Quadratic SOS,True,0.824842,0.683283,False,expanded monomial squares only,390,,
quadratic_38,Quadratic SOS,True,1.998843,1.547362,False,expanded monomial squares only,610,,
quadratic_39,Quadratic SOS,True,3.918717,3.507027,False,expanded monomial squares only,912,,
quadratic_40,Quadratic SOS,True,0.138285,0.122912,False,expanded monomial squares only,202,,
quadratic_41,Quadratic SOS,True,0.373103,0.293294,False,expanded monomial squares only,325,,
quadratic_42,Quadratic SOS,True,0.493041,0.360724,False,expanded monomial squares only,158,,
quadratic_43,Quadratic SOS,True,1.560833,1.215201,False,expanded monomial squares only,320,,
quadratic_44,Quadratic SOS,True,3.190918,2.765709,False,expanded monomial squares only,569,,
quadratic_45,Quadratic SOS,True,0.129893,0.096162,False,expanded monomial squares only,202,,
quadratic_46,Quadratic SOS,True,0.393904,0.301887,False,expanded monomial squares only,341,,
quadratic_47,Quadratic SOS,True,0.898171,0.751924,False,expanded monomial squares only,519,,
quadratic_48,Quadratic SOS,True,2.054424,1.684436,False,expanded monomial squares only,797,,
quadratic_49,Quadratic SOS,True,0.986111,0.767337,False,expanded monomial squares only,194,,
quadratic_50,Quadratic SOS,True,0.127409,0.096193,False,expanded monomial squares only,185,,
quadratic_51,Quadratic SOS,True,0.375226,0.287566,False,expanded monomial squares only,299,,
quadratic_52,Quadratic SOS,True,0.880705,0.726466,False,expanded monomial squares only,483,,
quadratic_53,Quadratic SOS,True,1.927256,1.751816,False,expanded monomial squares only,742,,
quadratic_54,Quadratic SOS,True,4.361493,3.527357,False,expanded monomial squares only,1050,,
quadratic_55,Quadratic SOS,True,0.133497,0.096843,False,expanded monomial squares only,194,,
quadratic_56,Quadratic SOS,True,0.232174,0.165705,False,expanded monomial squares only,132,,
quadratic_57,Quadratic SOS,True,0.720768,0.592648,False,expanded monomial squares only,257,,
quadratic_58,Quadratic SOS,True,1.729823,1.4912,False,expanded monomial squares only,470,,
quadratic_59,Quadratic SOS,True,3.591142,3.27283,False,expanded monomial squares only,769,,
cone_00,Finite cone LP,True,1.930971,0.313745,False,monomial square candidates only,476,,
cone_01,Finite cone LP,True,1.609244,0.323379,False,monomial square candidates only,475,,
cone_02,Finite cone LP,True,2.120292,0.269509,False,monomial square candidates only,409,,
cone_03,Finite cone LP,True,1.724526,0.27056,False,monomial square candidates only,411,,
cone_04,Finite cone LP,True,1.832235,0.295618,False,monomial square candidates only,475,,
cone_05,Finite cone LP,True,1.601784,0.293766,False,monomial square candidates only,410,,
cone_06,Finite cone LP,True,1.689944,0.292503,False,monomial square candidates only,475,,
cone_07,Finite cone LP,True,1.760398,0.294536,False,monomial square candidates only,471,,
cone_08,Finite cone LP,True,1.9232,0.3172,False,monomial square candidates only,475,,
cone_09,Finite cone LP,True,1.649334,0.313144,False,monomial square candidates only,475,,
cone_10,Finite cone LP,True,1.589015,0.317721,False,monomial square candidates only,476,,
cone_11,Finite cone LP,True,1.687891,0.321987,False,monomial square candidates only,471,,
cone_12,Finite cone LP,True,1.726649,0.368896,False,monomial square candidates only,476,,
cone_13,Finite cone LP,True,1.699458,0.293155,False,monomial square candidates only,471,,
cone_14,Finite cone LP,True,1.630386,0.266736,False,monomial square candidates only,411,,
cone_15,Finite cone LP,True,1.668142,0.294155,False,monomial square candidates only,475,,
cone_box_products,Finite cone LP,True,2.443731,0.294727,False,without hypothesis products,331,,
box_-2/3_1/4,Bernstein box,True,0.432011,0.238624,False,no subdivision,70,2,1
box_-2/3_1/16,Bernstein box,True,0.729451,0.398671,False,no subdivision,131,3,2
box_-2/3_1/64,Bernstein box,True,1.028384,0.544137,False,no subdivision,191,4,3
box_-1/3_1/4,Bernstein box,True,0.408195,0.245203,False,no subdivision,70,2,1
box_-1/3_1/16,Bernstein box,True,0.703863,0.379112,False,no subdivision,131,3,2
box_-1/3_1/64,Bernstein box,True,1.173399,0.558718,False,no subdivision,190,4,3
box_0_1/4,Bernstein box,True,0.293274,0.176822,False,no subdivision,67,2,1
box_0_1/16,Bernstein box,True,0.33768,0.174098,False,no subdivision,69,2,1
box_0_1/64,Bernstein box,True,0.307826,0.170493,False,no subdivision,69,2,1
box_1/3_1/4,Bernstein box,True,0.406733,0.233617,False,no subdivision,70,2,1
box_1/3_1/16,Bernstein box,True,0.666447,0.379572,False,no subdivision,130,3,2
box_1/3_1/64,Bernstein box,True,0.900705,0.544006,False,no subdivision,188,4,3
box_2/3_1/4,Bernstein box,True,0.495184,0.240917,False,no subdivision,70,2,1
box_2/3_1/16,Bernstein box,True,0.63418,0.39785,False,no subdivision,130,3,2
box_2/3_1/64,Bernstein box,True,0.961685,0.531086,False,no subdivision,189,4,3
motzkin_box_1,Bernstein box,True,1.260658,1.237093,True,no subdivision,15,1,0
motzkin_box_2,Bernstein box,True,70.415543,38.092717,False,no subdivision,1735,32,6
motzkin_box_3,Bernstein box,True,141.011442,73.083636,False,no subdivision,3411,56,9
power_sum_0,Polynomial recurrence,True,0.262729,0.068862,,not run,27,,
power_sum_1,Polynomial recurrence,True,0.557717,0.140889,,not run,42,,
power_sum_2,Polynomial recurrence,True,0.98528,0.234037,,not run,54,,
power_sum_3,Polynomial recurrence,True,1.61288,0.330029,,not run,54,,
power_sum_4,Polynomial recurrence,True,2.512954,0.49258,,not run,68,,
power_sum_5,Polynomial recurrence,True,3.704058,0.62119,,not run,69,,
power_sum_6,Polynomial recurrence,True,8.389471,1.800268,,not run,80,,
power_sum_7,Polynomial recurrence,True,7.668704,1.082274,,not run,82,,
power_sum_8,Polynomial recurrence,True,9.712442,1.317372,,not run,94,,
parametric_recurrence_00,Polynomial recurrence,True,0.544256,0.145526,,not run,41,,
parametric_recurrence_01,Polynomial recurrence,True,2.622195,0.426432,,not run,85,,
parametric_recurrence_02,Polynomial recurrence,True,2.946767,0.64109,,not run,115,,
parametric_recurrence_03,Polynomial recurrence,True,8.605161,0.974524,,not run,142,,
parametric_recurrence_04,Polynomial recurrence,True,0.531388,0.191284,,not run,56,,
parametric_recurrence_05,Polynomial recurrence,True,2.40969,0.346313,,not run,70,,
parametric_recurrence_06,Polynomial recurrence,True,2.40278,0.402786,,not run,84,,
parametric_recurrence_07,Polynomial recurrence,True,8.265198,0.969436,,not run,136,,
parametric_recurrence_08,Polynomial recurrence,True,0.529535,0.185615,,not run,56,,
parametric_recurrence_09,Polynomial recurrence,True,2.388189,0.388385,,not run,82,,
parametric_recurrence_10,Polynomial recurrence,True,2.700532,0.618186,,not run,113,,
parametric_recurrence_11,Polynomial recurrence,True,8.37442,0.966813,,not run,144,,
parametric_recurrence_12,Polynomial recurrence,True,0.631125,0.192485,,not run,56,,
parametric_recurrence_13,Polynomial recurrence,True,2.411824,0.31711,,not run,71,,
parametric_recurrence_14,Polynomial recurrence,True,2.42276,0.381495,,not run,80,,
parametric_recurrence_15,Polynomial recurrence,True,8.371506,0.956227,,not run,143,,
parametric_recurrence_16,Polynomial recurrence,True,0.544046,0.187719,,not run,56,,
parametric_recurrence_17,Polynomial recurrence,True,0.521533,0.185034,,not run,54,,
parametric_recurrence_18,Polynomial recurrence,True,2.63827,0.630394,,not run,116,,
parametric_recurrence_19,Polynomial recurrence,True,8.153913,0.9513,,not run,148,,
parametric_recurrence_20,Polynomial recurrence,True,0.527071,0.187958,,not run,55,,
parametric_recurrence_21,Polynomial recurrence,True,2.570509,0.397399,,not run,84,,
parametric_recurrence_22,Polynomial recurrence,True,2.710917,0.678145,,not run,113,,
parametric_recurrence_23,Polynomial recurrence,True,7.924333,0.642011,,not run,100,,
affine_00,Integral affine witness,True,0.022533,0.00706,,not run,33,,
affine_01,Integral affine witness,True,0.055943,0.020961,,not run,54,,
affine_02,Integral affine witness,True,0.156402,0.052918,,not run,84,,
affine_03,Integral affine witness,True,0.137674,0.045388,,not run,66,,
affine_04,Integral affine witness,True,0.023876,0.008462,,not run,40,,
affine_05,Integral affine witness,True,0.070084,0.02702,,not run,62,,
affine_06,Integral affine witness,True,0.095322,0.02742,,not run,58,,
affine_07,Integral affine witness,True,0.275979,0.090555,,not run,85,,
affine_08,Integral affine witness,True,0.02682,0.010426,,not run,43,,
affine_09,Integral affine witness,True,0.032398,0.014913,,not run,45,,
affine_10,Integral affine witness,True,0.143082,0.068872,,not run,69,,
affine_11,Integral affine witness,True,0.264883,0.084926,,not run,102,,
affine_12,Integral affine witness,True,0.015192,0.006039,,not run,34,,
affine_13,Integral affine witness,True,0.055152,0.021111,,not run,54,,
affine_14,Integral affine witness,True,0.146517,0.052137,,not run,83,,
affine_15,Integral affine witness,True,0.137553,0.043284,,not run,69,,
affine_16,Integral affine witness,True,0.023095,0.008643,,not run,37,,
affine_17,Integral affine witness,True,0.070614,0.02707,,not run,63,,
affine_18,Integral affine witness,True,0.078487,0.02675,,not run,55,,
affine_19,Integral affine witness,True,0.197332,0.063765,,not run,85,,
affine_20,Integral affine witness,True,0.025618,0.010406,,not run,43,,
affine_21,Integral affine witness,True,0.035753,0.014411,,not run,44,,
affine_22,Integral affine witness,True,0.111755,0.038867,,not run,70,,
affine_23,Integral affine witness,True,0.246405,0.084706,,not run,104,,
affine_24,Integral affine witness,True,0.015302,0.005989,,not run,33,,
affine_25,Integral affine witness,True,0.045497,0.020571,,not run,55,,
affine_26,Integral affine witness,True,0.145646,0.051737,,not run,82,,
affine_27,Integral affine witness,True,0.139576,0.043033,,not run,67,,
affine_28,Integral affine witness,True,0.02044,0.008102,,not run,39,,
affine_29,Integral affine witness,True,0.070544,0.02744,,not run,62,,
affine_30,Integral affine witness,True,0.077034,0.02699,,not run,56,,
affine_31,Integral affine witness,True,0.200978,0.065037,,not run,88,,
affine_32,Integral affine witness,True,0.025678,0.010125,,not run,45,,
affine_33,Integral affine witness,True,0.036745,0.014661,,not run,46,,
affine_34,Integral affine witness,True,0.109693,0.038878,,not run,70,,
affine_35,Integral affine witness,True,0.247907,0.084165,,not run,103,,
affine_36,Integral affine witness,True,0.015503,0.006089,,not run,34,,
affine_37,Integral affine witness,True,0.052938,0.020631,,not run,52,,
affine_38,Integral affine witness,True,0.118926,0.051396,,not run,81,,
affine_39,Integral affine witness,True,0.136913,0.043344,,not run,66,,
univariate_zero_00,Univariate with zeros,True,1.534925,0.351031,False,"dyadic Bernstein depth 12, without factorization",356,,
univariate_zero_01,Univariate with zeros,True,2.337133,0.604466,False,"dyadic Bernstein depth 12, without factorization",390,,
univariate_zero_02,Univariate with zeros,True,1.908588,0.540741,False,"dyadic Bernstein depth 12, without factorization",464,,
univariate_zero_03,Univariate with zeros,True,2.197686,0.508073,False,"dyadic Bernstein depth 12, without factorization",382,,
univariate_zero_04,Univariate with zeros,True,1.951762,0.418951,False,"dyadic Bernstein depth 12, without factorization",422,,
univariate_zero_05,Univariate with zeros,True,2.648604,0.760267,False,"dyadic Bernstein depth 12, without factorization",494,,
univariate_zero_06,Univariate with zeros,True,1.43729,0.306824,False,"dyadic Bernstein depth 12, without factorization",341,,
univariate_zero_07,Univariate with zeros,True,2.594325,0.612628,False,"dyadic Bernstein depth 12, without factorization",445,,
univariate_zero_08,Univariate with zeros,True,1.82898,0.484388,False,"dyadic Bernstein depth 12, without factorization",387,,
univariate_zero_09,Univariate with zeros,True,2.082746,0.515464,False,"dyadic Bernstein depth 12, without factorization",382,,
univariate_zero_10,Univariate with zeros,True,1.76158,0.428785,False,"dyadic Bernstein depth 12, without factorization",421,,
univariate_zero_11,Univariate with zeros,True,2.677478,0.74174,False,"dyadic Bernstein depth 12, without factorization",492,,
univariate_zero_12,Univariate with zeros,True,1.625719,0.420513,False,"dyadic Bernstein depth 12, without factorization",360,,
univariate_zero_13,Univariate with zeros,True,2.230385,0.606839,False,"dyadic Bernstein depth 12, without factorization",426,,
univariate_zero_14,Univariate with zeros,True,2.825276,0.571918,False,"dyadic Bernstein depth 12, without factorization",460,,
univariate_zero_15,Univariate with zeros,True,1.667971,0.288257,False,"dyadic Bernstein depth 12, without factorization",332,,
univariate_zero_16,Univariate with zeros,True,1.628553,0.398951,False,"dyadic Bernstein depth 12, without factorization",418,,
univariate_zero_17,Univariate with zeros,True,2.963522,0.776791,False,"dyadic Bernstein depth 12, without factorization",482,,
univariate_zero_18,Univariate with zeros,True,1.446804,0.312693,False,"dyadic Bernstein depth 12, without factorization",358,,
univariate_zero_19,Univariate with zeros,True,2.582016,0.64779,False,"dyadic Bernstein depth 12, without factorization",443,,
univariate_zero_20,Univariate with zeros,True,1.82189,0.483677,False,"dyadic Bernstein depth 12, without factorization",444,,
univariate_zero_21,Univariate with zeros,True,2.288451,0.502204,False,"dyadic Bernstein depth 12, without factorization",380,,
univariate_zero_22,Univariate with zeros,True,1.716583,0.410479,False,"dyadic Bernstein depth 12, without factorization",367,,
univariate_zero_23,Univariate with zeros,True,2.959835,0.764743,False,"dyadic Bernstein depth 12, without factorization",491,,
univariate_zero_24,Univariate with zeros,True,1.466233,0.332663,False,"dyadic Bernstein depth 12, without factorization",361,,
univariate_zero_25,Univariate with zeros,True,3.322804,0.679998,False,"dyadic Bernstein depth 12, without factorization",446,,
univariate_zero_26,Univariate with zeros,True,1.905494,0.514262,False,"dyadic Bernstein depth 12, without factorization",455,,
univariate_zero_27,Univariate with zeros,True,1.754069,0.355056,False,"dyadic Bernstein depth 12, without factorization",249,,
univariate_zero_28,Univariate with zeros,True,1.811104,0.459031,False,"dyadic Bernstein depth 12, without factorization",423,,
univariate_zero_29,Univariate with zeros,True,2.591951,0.77591,False,"dyadic Bernstein depth 12, without factorization",418,,
