lane,name,outcome,search_ms,check_ms,certificate_bytes
poly,corner-00,proved,3.2364620000180366,0.39663500001552165,759
poly,corner-01,proved,5.1825689999986935,0.8540899999616158,1702
poly,corner-02,proved,2.833647999977984,0.3655379999827346,759
poly,corner-03,proved,4.9401360000729255,0.8484319999979562,1702
poly,corner-04,proved,2.7167029999191072,0.36030100000061793,759
poly,corner-05,proved,4.651183000078163,0.8112759999221453,1708
poly,corner-06,proved,2.718125000001237,0.3530889999865394,759
poly,corner-07,proved,4.721918000086589,0.8284320000484513,1708
poly,corner-08,proved,2.7554509999845322,0.357024999971145,755
poly,corner-09,proved,4.589881000015339,0.8119469999883222,1708
poly,corner-10,proved,2.7357709999478175,0.37120700005743856,759
poly,corner-11,proved,4.736870999977327,0.8293640000829328,1702
poly,corner-12,proved,2.924354000015228,0.36473600005137996,755
poly,corner-13,proved,4.5729349999419355,0.8182569999917177,1702
poly,corner-14,proved,2.805104999993091,0.35625400005301344,759
poly,corner-15,proved,4.693406000001232,0.812919000054535,1702
poly,corner-16,proved,2.717865000022357,0.36887300007037993,755
poly,corner-17,proved,4.49911400005476,0.7931489999464247,1702
poly,corner-18,proved,2.8954299999668365,0.3652380000858102,755
poly,corner-19,proved,4.651413000033244,0.8050870000033683,1708
poly,corner-20,proved,2.716190999990431,0.3762840000263168,755
poly,corner-21,proved,4.883750999965741,0.817154999936065,1708
poly,corner-22,proved,2.791253999930632,0.35981999997147796,759
poly,corner-23,proved,4.658473999938906,0.82473600002686,1708
poly,corner-24,proved,2.724984999986191,0.37282899995716434,759
poly,corner-25,proved,4.661007000095196,0.818075999973189,1708
poly,corner-26,proved,2.767990000052123,0.43584299999110954,759
poly,corner-27,proved,4.808759000070495,0.8951710000246749,1702
poly,corner-28,proved,2.700138000022889,0.4473200000347788,759
poly,corner-29,proved,4.615989999933845,0.8022219999475055,1702
poly,corner-30,proved,2.675190999980259,0.4355130000703866,759
poly,corner-31,proved,4.569230000015523,0.8183670000789789,1708
poly,corner-32,proved,2.6610690000552495,0.34986399998615525,755
poly,corner-33,proved,4.551654000010785,0.8181260000128532,1708
poly,corner-34,proved,2.7844039999536108,0.35436100006336346,755
poly,corner-35,proved,4.631472999903963,0.8171350000338862,1702
poly,corner-36,proved,2.7903529999093735,0.408843000059278,759
poly,corner-37,proved,4.749770999978864,0.8145110000441491,1708
poly,corner-38,proved,2.7023210000152176,0.3678209999407045,759
poly,corner-39,proved,4.500026000073376,0.8241549999183917,1708
poly,strict-00,proved,0.04803200010883302,0.057566000009501295,240
poly,strict-01,proved,0.04448700008197193,0.054682000040884304,244
poly,strict-02,proved,0.04166199994415365,0.051868000014110294,244
poly,strict-03,proved,0.039910000054987904,0.0496239999847603,240
poly,strict-04,proved,0.04578899995522079,0.054862000069988426,244
poly,strict-05,proved,0.04168199996001931,0.051878000022043125,244
poly,strict-06,proved,0.04052099995988101,0.051628000051096024,244
poly,strict-07,proved,0.05647400007546821,0.05168699999558157,244
poly,strict-08,proved,0.04079100006038061,0.051868000014110294,244
poly,strict-09,proved,0.04549899995254236,0.04959400007464865,240
poly,strict-10,proved,0.042233000044689106,0.04986399994777457,240
poly,strict-11,proved,0.03838800000721676,0.0506760000007489,244
poly,strict-12,proved,0.039509000089310575,0.04906299989215768,240
poly,strict-13,proved,0.03943900003378076,0.05191700006434985,244
poly,strict-14,proved,0.039818999994167825,0.06546800000251096,244
poly,strict-15,proved,0.039989000015339116,0.05308900006184558,244
poly,strict-16,proved,0.0388890000522224,0.05098599990560615,244
poly,strict-17,proved,0.04079199993611837,0.050875999932031846,240
poly,strict-18,proved,0.04025999999157648,0.05358099997465615,244
poly,strict-19,proved,0.040810999962559436,0.1384170000164886,240
poly,strict-20,proved,0.046610000026703347,0.05437100003291562,244
poly,strict-21,proved,0.04357500006335613,0.05205799993746041,240
poly,strict-22,proved,0.04241300007379323,0.0505360000033761,244
poly,strict-23,proved,0.03880799999933515,0.06939399997918372,244
poly,strict-24,proved,0.04026099998100108,0.05087600004571868,244
poly,strict-25,proved,0.03936899997825094,0.051697000003514404,244
poly,strict-26,proved,0.09240899998985697,0.056335000067520014,244
poly,strict-27,proved,0.0452480001058575,0.051617999929476355,240
poly,strict-28,proved,0.06204299995715701,0.052869000001010136,240
poly,strict-29,proved,0.0391390000231695,0.05165799996120768,244
poly,mixed-touching,proved,0.0654479999866453,0.08321500001784443,364
poly,strict-lower,proved,0.008732999958738219,0.008322000098814897,123
poly,strict-upper,proved,0.007551000066996494,0.006910000024618057,123
poly,unconstrained,proved,0.002292999965902709,0.002294000069014146,123
poly,counterexample-00,refuted,0.26535699998930795,0.06955399999242218,223
poly,counterexample-01,refuted,0.2644560000817364,0.06839199988917244,227
poly,counterexample-02,refuted,0.24890299994240195,0.06750099998953374,227
poly,counterexample-03,refuted,0.2410419999705482,0.06490700002359517,227
poly,counterexample-04,refuted,0.24485699998422206,0.07047599990528397,227
poly,counterexample-05,refuted,0.24013000006561924,0.06471699998655822,227
poly,counterexample-06,refuted,0.25418099994567456,0.08314399997289001,223
poly,counterexample-07,refuted,0.2398290000655834,0.06225399999948422,223
poly,counterexample-08,refuted,0.23869799997555674,0.082573999975466,223
poly,counterexample-09,refuted,0.24059099996520672,0.08694000007380964,223
poly,counterexample-10,refuted,0.24504699990757217,0.0651670000024751,227
poly,counterexample-11,refuted,0.2563040000040928,0.06367599996792705,223
poly,counterexample-12,refuted,0.245107000068856,0.06436599994685821,227
poly,counterexample-13,refuted,0.2537210000355117,0.06615900008455355,227
poly,counterexample-14,refuted,0.2405799999678493,0.06293399997048255,223
poly,counterexample-15,refuted,0.23718499994629383,0.06109200000992132,223
poly,counterexample-16,refuted,0.27279900007215474,0.06374500003403227,223
poly,counterexample-17,refuted,0.23788599992258241,0.06409600007373228,227
poly,counterexample-18,refuted,0.2557039999828703,0.06172200005494233,223
poly,counterexample-19,refuted,0.2459979999684947,0.0654390000818239,227
poly,counterexample-20,refuted,0.24329500001840643,0.06618899999466521,227
poly,counterexample-21,refuted,0.24503800000275078,0.06647999998676823,227
poly,counterexample-22,refuted,0.24227300002621632,0.06593900002371811,227
poly,counterexample-23,refuted,0.2553819999775442,0.06426599998121674,223
poly,counterexample-24,refuted,0.2403309999863268,0.06450599994423101,227
poly,counterexample-25,refuted,0.238297999999304,0.07703500000388885,227
poly,counterexample-26,refuted,0.32053999996151106,0.06694000001061795,227
poly,counterexample-27,refuted,0.24022000002332788,0.06493700004739367,227
poly,counterexample-28,refuted,0.24809100000311446,0.06411599997591111,223
poly,counterexample-29,refuted,0.24276400006328913,0.06532800000513816,227
poly,empty-domain-0,proved,0.23522300000422547,0.07071599998198508,252
poly,empty-domain-1,proved,0.21916800005783443,0.07065600004807493,256
poly,empty-domain-2,proved,0.21662500000729779,0.07072600010360475,256
poly,empty-domain-3,proved,0.23112700000638142,0.07131699999263219,256
poly,empty-domain-4,proved,0.21465199995418516,0.06977499992899538,256
poly,pair-budget-control,unknown,0.06261400005769246,0.055844000030447205,55
nc,critical-pair-disabled,unknown,0.07830799995645066,0.031737999961478636,121
nc,critical-pair-enabled,proved,0.13815700003760867,0.04168299994944391,254
nc,weyl-1-1,proved,0.03886800004693214,0.027220999982091598,127
nc,weyl-1-2,proved,0.04825299993171939,0.031818000024941284,191
nc,weyl-1-3,proved,0.05917900000440568,0.03796699991198693,261
nc,weyl-1-4,proved,0.06931400002940791,0.04576799994993053,337
nc,weyl-1-5,proved,0.08234400002038456,0.051456999926813296,419
nc,weyl-1-6,proved,0.15063499995449092,0.10391600005732471,507
nc,weyl-2-1,proved,0.047051000024112,0.029653999945367104,191
nc,weyl-2-2,proved,0.08432599997831858,0.0523389999216306,387
nc,weyl-2-3,proved,0.12271399998553534,0.07346000006691611,597
nc,weyl-2-4,proved,0.18629999999575375,0.09472199997162534,826
nc,weyl-2-5,proved,0.20242400000825,0.11398100002679712,1072
nc,weyl-2-6,proved,0.24897299999793177,0.1349630000504476,1337
nc,weyl-3-1,proved,0.05636400010189391,0.036583999985850824,261
nc,weyl-3-2,proved,0.12178200006474071,0.07372100003522064,597
nc,weyl-3-3,proved,0.2014119999103059,0.11252900003455579,1022
nc,weyl-3-4,proved,0.29943899994577805,0.15598400000271795,1479
nc,weyl-3-5,proved,0.4077509998978712,0.19837699994695868,1974
nc,weyl-3-6,proved,0.4881520000026285,0.2442459999656421,2505
nc,weyl-4-1,proved,0.07092599992120086,0.04462699996565789,337
nc,weyl-4-2,proved,0.1555129999815108,0.09467200004564802,826
nc,weyl-4-3,proved,0.2917870000374023,0.15784599997914484,1480
nc,weyl-4-4,proved,0.4820420000442027,0.22669899999527843,2250
nc,weyl-4-5,proved,0.7772149999709654,0.3322579999576192,3076
nc,weyl-4-6,proved,0.8270000000720756,0.37890800001605385,3965
nc,weyl-5-1,proved,0.08187299999917741,0.05135699996117182,419
nc,weyl-5-2,proved,0.19292900003620161,0.1140209999448416,1072
nc,weyl-5-3,proved,0.4155730000547919,0.20208299997648282,1977
nc,weyl-5-4,proved,0.615493000054812,0.8835439999757,3078
nc,weyl-5-5,proved,3.886796999950093,0.45244799991905893,4328
nc,weyl-5-6,proved,1.2291730000697498,0.5128289999447588,5664
nc,weyl-6-1,proved,0.13497200006895582,0.06374499992034544,507
nc,weyl-6-2,proved,0.2466699999104094,0.13706599997931335,1336
nc,weyl-6-3,proved,0.463295000031394,0.24404600003435917,2507
nc,weyl-6-4,proved,0.9220619999723567,0.4379360000257293,3966
nc,weyl-6-5,proved,1.2082010000540322,0.5216319999590269,5663
nc,weyl-6-6,proved,1.9361620001063784,0.6933799999160328,7545
nc,q-plane-00,proved,0.07151800002702657,0.0423740000314865,367
nc,q-plane-01,proved,0.030346000016834296,0.01896799994938192,134
nc,q-plane-02,proved,0.119498999993084,0.07655499996417348,800
nc,q-plane-03,proved,0.14909399999396555,0.09313999998994404,1147
nc,q-plane-04,proved,0.06755099991551106,0.040320999914911226,432
nc,q-plane-05,proved,0.12614900003882212,0.07908899999620189,938
nc,q-plane-06,proved,0.2388880000125937,0.1512170000523838,1929
nc,q-plane-07,proved,0.05180799996651331,0.03348999996433122,307
nc,q-plane-08,proved,0.1851679999163025,0.10320499995941645,1347
nc,q-plane-09,proved,0.014131000057204801,0.0072409999347655685,67
nc,q-plane-10,proved,0.013760999991063727,0.006278999990172451,67
nc,q-plane-11,proved,0.03623399993557541,0.023995999981707428,193
nc,q-plane-12,proved,0.045017000047664624,0.029243999961181544,261
nc,q-plane-13,proved,0.03671499996471539,0.024557000074310054,219
nc,q-plane-14,proved,0.05809699996461859,0.038768000081290666,388
nc,q-plane-15,proved,0.23802700002306665,0.13156700003946753,1687
nc,q-plane-16,proved,0.06048999989616277,0.03657499996734259,346
nc,q-plane-17,proved,0.19594399998368317,0.11305900000024849,1348
nc,q-plane-18,proved,0.04004000004442787,0.025307999976575957,201
nc,q-plane-19,proved,0.1333500000555432,0.08159300000443181,951
nc,q-plane-20,proved,0.026749999960884452,0.017866999996840605,128
nc,q-plane-21,proved,0.07268899992141087,0.06265299998631235,541
nc,q-plane-22,proved,0.043044999983976595,0.02921400005106989,277
nc,q-plane-23,proved,0.13705499998195592,0.08598800002346252,971
nc,q-plane-24,proved,0.04706100003204483,0.028092000093238312,225
nc,q-plane-25,proved,0.15850800002681353,0.09339000007457798,1210
nc,q-plane-26,proved,0.22202299999207753,0.14140199994017166,1734
nc,q-plane-27,proved,0.12507700000696786,0.06549800002630946,696
nc,q-plane-28,proved,0.014701999930366583,0.006899999902998388,67
nc,q-plane-29,proved,0.10055100005956774,0.06495699994957249,657
nc,q-plane-30,proved,0.037096000028213894,0.024055999915617576,195
nc,q-plane-31,proved,0.1542109999945751,0.08364500001789565,933
nc,q-plane-32,proved,0.1800200000161567,0.10647900001004018,1385
nc,q-plane-33,proved,0.02608900001632719,0.01815699999951903,135
nc,q-plane-34,proved,0.2071010000008755,0.11439100001098268,1469
nc,q-plane-35,proved,0.05436099991129595,0.03441100000145525,359
nc,q-plane-36,proved,0.1114469999947687,0.07251800002450182,865
nc,q-plane-37,proved,0.176534000047468,0.1140509999686401,1334
nc,q-plane-38,proved,0.08929300008730934,0.05709499998829415,608
nc,q-plane-39,proved,0.19900799998140428,0.12269400008335651,1611
nc,clifford-2,proved,0.09903899990604259,0.04752100005589455,251
nc,clifford-3,proved,0.24335499995231658,0.0869709999733459,437
nc,clifford-4,proved,0.23380999994060403,0.1711170000362472,687
nc,clifford-5,proved,0.3563139999869236,0.21217799996975373,1002
nc,clifford-6,proved,0.5586980000771291,0.2950919999875623,1380
nc,commutativity-not-assumed,unknown,0.010927000062110892,0.009394000016982318,121
nc,false-weyl-control,unknown,0.06190299995978421,0.014401999919755326,121
analytic,exp-margin-00,interval,0.08856300007664686,0.14172299995607318,96
analytic,exp-margin-01,interval,0.05860699991444562,0.0992779999933191,97
analytic,exp-margin-02,interval,0.05226799999036302,0.0934400000005553,97
analytic,exp-margin-03,interval,0.051196999947933364,0.09198800000831397,96
analytic,exp-margin-04,interval,0.05321999992702331,0.09224800010088074,96
analytic,exp-margin-05,interval,0.05049599997164478,0.18189300010362786,97
analytic,exp-margin-06,interval,0.05899799998587696,0.09728499992434081,97
analytic,exp-margin-07,interval,0.05287900000894297,0.09779700008039072,96
analytic,exp-margin-08,interval,0.05274899990581616,0.09303999991061573,96
analytic,exp-margin-09,interval,0.05109700009597873,0.09089599996059405,96
analytic,exp-margin-10,interval,0.051957999971818936,0.13244900003428484,97
analytic,exp-margin-11,interval,0.051376999977037485,0.09079599999495258,96
analytic,exp-margin-12,interval,0.04984500003502035,0.0913669999818012,96
analytic,exp-margin-13,interval,0.05406100001437153,0.09310899997672095,96
analytic,exp-margin-14,interval,0.051056999950560567,0.09190799994485133,97
analytic,exp-margin-15,interval,0.05359100009627582,0.09257900001102826,97
analytic,exp-margin-16,interval,0.06482700007381936,0.09088600006634806,96
analytic,exp-margin-17,interval,0.049394000029678864,0.09003500008475385,96
analytic,exp-margin-18,interval,0.049815000011221855,0.08958499995515012,96
analytic,exp-margin-19,interval,0.050044999966303294,0.09190799994485133,97
analytic,subdivision-00,interval,0.22476699996332172,0.15633500004241796,835
analytic,subdivision-01,interval,0.21784599994134624,0.13639500002682325,827
analytic,subdivision-02,interval,0.44557800003985903,0.3688729999566931,1686
analytic,subdivision-03,interval,0.2238149999129746,0.13807699997414602,795
analytic,subdivision-04,interval,0.09958900000128779,0.07202800009054044,387
analytic,subdivision-05,interval,0.47470200001953344,0.26867299993682536,1734
analytic,subdivision-06,interval,0.4608009999174101,0.27021500000046217,1734
analytic,subdivision-07,interval,0.4486620000534458,0.2834450000364086,1734
analytic,subdivision-08,interval,0.21555299997544353,0.1347719999102992,835
analytic,subdivision-09,interval,0.5705649999754314,0.29408099999272963,1734
analytic,subdivision-10,interval,0.2818020000177057,0.14698999996198836,827
analytic,subdivision-11,interval,0.47369999992952216,0.2706559999978708,1622
analytic,exp-log-composition,interval,0.12681000009706622,0.2600599999595943,110
analytic,exp-without-jet,unknown,1.2832740000021658,0.0013820000503983465,50
analytic,exp-with-jet,jet,0.09380100004818814,0.20683999991888413,129
analytic,log-without-jet,unknown,1.561339999966549,0.0014620000001741573,50
analytic,log-with-jet,jet,0.09402099999533675,0.18122100004802633,103
analytic,cos-without-jet,unknown,1.4430640000000494,0.0010520000159885967,50
analytic,cos-with-jet,jet,0.1475910000863223,3.0184549999603405,111
analytic,sin-without-jet,unknown,1.0898240000187798,0.0011220000715184142,50
analytic,sin-with-jet,jet,0.20054100002653286,14.800025999988975,111
analytic,false-exp,unknown,1.2411000000156491,0.001131000090026646,50
analytic,log-domain,unknown,0.02987499999562715,0.013008999985686387,50
analytic,pole-domain,unknown,0.09134699996593554,0.0007610000238855719,50
