family,id,status,search_ms,check_ms,certificate_bytes
cone,amgm,proved,12.286591,0.080219,231
cone,quartic,proved,34.549522,0.048066,231
cone,cyclic,proved,21.628834,0.181093,480
cone,box,proved,7.372953,0.04718,234
cone,simplex,proved,33.019013,0.112534,429
cone,upper_product,proved,27.81877,0.049771,302
cone,zero,proved,3.149914,0.001945,109
cone,false_indefinite,unknown,87.497207,0,0
cone,motzkin,unknown,42.560795,0,0
cone,manufactured_00,proved,17.733673,0.107446,295
cone,manufactured_01,proved,17.560031,0.114162,443
cone,manufactured_02,proved,17.071472,0.157195,462
cone,manufactured_03,proved,16.786096,0.121486,468
cone,manufactured_04,proved,14.441094,0.078818,320
cone,manufactured_05,proved,15.598308,0.118064,477
cone,manufactured_06,proved,17.963297,0.112026,442
cone,manufactured_07,proved,15.900774,0.050802,237
cone,manufactured_08,proved,16.824452,0.099373,414
cone,manufactured_09,proved,16.391431,0.207288,701
cone,manufactured_10,proved,15.760538,0.113107,457
cone,manufactured_11,proved,15.739485,0.114558,464
cone,manufactured_12,proved,15.602033,0.168154,583
cone,manufactured_13,proved,16.267626,0.111026,429
cone,manufactured_14,proved,16.409883,0.230834,338
cone,manufactured_15,proved,17.55759,0.083213,346
cone,manufactured_16,proved,15.247322,0.119181,480
cone,manufactured_17,proved,16.377171,0.121785,488
cone,manufactured_18,proved,16.38164,0.230447,768
cone,manufactured_19,proved,16.155181,0.084054,357
cone,manufactured_20,proved,17.487266,0.084175,356
cone,manufactured_21,proved,18.031659,0.161468,347
cone,manufactured_22,proved,16.813232,0.149269,462
cone,manufactured_23,proved,19.048336,0.082367,340
cone,manufactured_24,proved,19.581049,0.090174,370
cone,manufactured_25,proved,25.162678,0.100922,431
cone,manufactured_26,proved,16.096156,0.252061,448
cone,manufactured_27,proved,14.755312,0.089553,349
cone,manufactured_28,proved,20.539175,0.118771,454
cone,manufactured_29,proved,18.501262,0.085281,346
cone,manufactured_30,proved,14.989721,0.066789,320
cone,manufactured_31,proved,20.053412,0.095766,413
cone,manufactured_32,proved,14.313914,0.089518,357
cone,manufactured_33,proved,15.042088,0.158369,487
cone,manufactured_34,proved,15.048558,0.111883,434
cone,manufactured_35,proved,16.99686,0.103336,415
cone,manufactured_36,proved,16.232491,0.146941,472
cone,manufactured_37,proved,17.204549,0.111419,446
cone,manufactured_38,proved,14.735183,0.225547,416
cone,manufactured_39,proved,14.531213,0.065177,312
quadratic,rational_00,proved,10.46658,0.26525,778
quadratic,rational_01,proved,9.541051,0.261118,758
quadratic,rational_02,proved,9.405309,0.279539,788
quadratic,rational_03,proved,8.89031,0.283313,778
quadratic,rational_04,proved,12.326946,0.263934,785
quadratic,rational_05,proved,12.56597,0.337711,798
quadratic,rational_06,proved,8.920029,0.389783,796
quadratic,rational_07,proved,7.464352,0.233433,685
quadratic,rational_08,proved,8.595501,0.260132,715
quadratic,rational_09,proved,9.383149,0.24871,770
quadratic,rational_10,proved,11.859894,0.306885,773
quadratic,rational_11,proved,14.883181,1.808335,794
quadratic,rational_12,proved,17.337296,0.390443,751
quadratic,rational_13,proved,10.858387,0.299401,798
quadratic,rational_14,proved,9.507291,0.259346,716
quadratic,rational_15,proved,9.756441,0.290097,790
quadratic,rational_16,proved,9.69053,0.29189,749
quadratic,rational_17,proved,11.498572,0.249935,755
quadratic,rational_18,proved,9.789832,0.254655,781
quadratic,rational_19,proved,9.302285,0.640352,765
quadratic,rational_20,proved,9.605857,0.257858,775
quadratic,rational_21,proved,10.625108,0.273158,777
quadratic,rational_22,proved,10.105148,0.250412,765
quadratic,rational_23,proved,8.677605,0.290522,780
quadratic,rational_24,proved,9.452653,0.252433,811
quadratic,rational_25,proved,10.210963,0.287491,798
quadratic,rational_26,proved,14.492381,0.257909,769
quadratic,rational_27,proved,10.099723,0.301317,752
quadratic,rational_28,proved,9.429749,0.254697,792
quadratic,rational_29,proved,10.177487,0.300109,772
quadratic,rational_30,proved,9.661952,0.253907,773
quadratic,rational_31,proved,10.019624,0.263354,805
quadratic,rational_32,proved,10.126162,0.281441,777
quadratic,rational_33,proved,9.281022,0.372477,803
quadratic,rational_34,proved,9.433231,0.263356,793
quadratic,rational_35,proved,10.975981,0.329038,772
quadratic,rational_36,proved,9.444421,0.303452,765
quadratic,rational_37,proved,10.605716,0.436165,803
quadratic,rational_38,proved,9.38267,0.261719,734
quadratic,rational_39,proved,9.744522,0.262324,821
bernstein,near_zero,proved,24.428005,3.864746,1039
bernstein,non_dyadic_zero,unknown,19.870886,0,0
bernstein,two_dimensions,proved,70.557271,4.470258,2699
bernstein,positive_00,proved,9.650893,0.524264,606
bernstein,positive_01,proved,12.727846,0.656389,775
bernstein,positive_02,proved,19.61248,1.144428,1111
bernstein,positive_03,proved,14.765439,0.836148,773
bernstein,positive_04,proved,11.400689,0.75394,771
bernstein,positive_05,proved,22.25854,1.399899,1115
bernstein,positive_06,proved,7.108288,0.942501,771
bernstein,positive_07,proved,32.802062,1.950284,1484
bernstein,positive_08,proved,4.97472,0.225592,310
bernstein,positive_09,proved,36.902446,1.493268,1475
induction,qrev_correct,proved,0.492688,1.651598,3867
induction,rev_involution,proved,0.249081,0.594457,3781
lemma_synthesis,schema_candidates,proved,1.828056,0.446013,2704
ablation,lemmas_0_generalize_0,unknown,0.125499,0,0
ablation,lemmas_0_generalize_1,unknown,0.18745,0,0
ablation,lemmas_1_generalize_0,unknown,0.181503,0,0
ablation,lemmas_1_generalize_1,proved,0.378503,0,0
cdclt_random,random_000,unsat,0.070926,0.022604,1070
cdclt_random,random_001,sat,0.049329,0.04131,291
cdclt_random,random_002,sat,0.155416,0.007618,411
cdclt_random,random_003,unsat,0.058554,0.018122,1069
cdclt_random,random_004,unsat,0.048329,0.022648,912
cdclt_random,random_005,sat,0.034252,0.005729,359
cdclt_random,random_006,unsat,0.099802,0.012636,836
cdclt_random,random_007,sat,0.032289,0.005802,312
cdclt_random,random_008,unsat,0.059136,0.012736,878
cdclt_random,random_009,unsat,0.107158,0.016522,1020
cdclt_random,random_010,unsat,0.081327,0.014752,961
cdclt_random,random_011,unsat,0.06976,0.012915,1032
cdclt_random,random_012,unsat,0.060729,0.011767,859
cdclt_random,random_013,unsat,0.051113,0.011643,900
cdclt_random,random_014,unsat,0.056082,0.013195,1043
cdclt_random,random_015,sat,0.130137,0.009416,417
cdclt_random,random_016,unsat,0.0389,0.01508,867
cdclt_random,random_017,sat,0.184907,0.006202,354
cdclt_random,random_018,unsat,0.059349,0.016715,931
cdclt_random,random_019,unsat,0.061426,0.017211,806
cdclt_random,random_020,sat,0.12727,0.005689,358
cdclt_random,random_021,sat,0.025982,0.004161,261
cdclt_random,random_022,unsat,0.046578,0.01586,958
cdclt_random,random_023,unsat,0.075317,0.019164,1315
cdclt_random,random_024,sat,0.051865,0.005694,292
cdclt_random,random_025,sat,0.034344,0.005623,356
cdclt_random,random_026,sat,0.015442,0.003075,253
cdclt_random,random_027,unsat,0.050761,0.014678,650
cdclt_random,random_028,sat,0.033173,0.004894,364
cdclt_random,random_029,sat,0.065537,0.004369,355
cdclt_random,random_030,unsat,0.037742,0.013325,889
cdclt_random,random_031,sat,0.018655,0.003543,278
cdclt_random,random_032,unsat,0.047632,0.010425,705
cdclt_random,random_033,unsat,0.029637,0.009406,726
cdclt_random,random_034,unsat,0.043758,0.009493,739
cdclt_random,random_035,sat,0.060881,0.004699,350
cdclt_random,random_036,sat,0.02563,0.004389,284
cdclt_random,random_037,unsat,0.057659,0.014238,943
cdclt_random,random_038,unsat,0.075101,0.016217,1169
cdclt_random,random_039,sat,0.085173,0.006107,398
cdclt_random,random_040,sat,0.113506,0.005696,378
cdclt_random,random_041,sat,0.067382,0.004465,371
cdclt_random,random_042,unsat,0.064621,0.01547,912
cdclt_random,random_043,sat,0.126699,0.005998,396
cdclt_random,random_044,unsat,0.057382,0.018206,989
cdclt_random,random_045,unsat,0.165114,0.016316,903
cdclt_random,random_046,unsat,0.067754,0.014745,1060
cdclt_random,random_047,sat,0.056179,0.004579,335
cdclt_random,random_048,unsat,0.046834,0.012354,971
cdclt_random,random_049,unsat,0.062463,0.015828,1157
cdclt_random,random_050,sat,0.104886,0.006123,420
cdclt_random,random_051,unsat,0.05038,0.014718,1100
cdclt_random,random_052,sat,0.106623,0.005671,400
cdclt_random,random_053,unsat,0.058551,0.012841,765
cdclt_random,random_054,unsat,0.03353,0.010283,579
cdclt_random,random_055,unsat,0.051743,0.01098,578
cdclt_random,random_056,sat,0.02104,0.004108,286
cdclt_random,random_057,sat,0.024205,0.003844,295
cdclt_random,random_058,unsat,0.087889,0.033672,1169
cdclt_random,random_059,sat,0.048828,0.00415,305
cdclt_random,random_060,unsat,0.082898,0.011618,898
cdclt_random,random_061,unsat,0.027462,0.00948,680
cdclt_random,random_062,unsat,0.160198,0.010602,603
cdclt_random,random_063,unsat,0.06598,0.032554,1246
cdclt_random,random_064,unsat,0.057919,0.188603,1068
cdclt_random,random_065,unsat,0.03305,0.011593,815
cdclt_random,random_066,unsat,0.065984,0.011917,874
cdclt_random,random_067,sat,0.081979,0.008172,441
cdclt_random,random_068,unsat,0.041065,0.01242,686
cdclt_random,random_069,sat,0.101269,0.00687,439
cdclt_random,random_070,unsat,0.026103,0.009793,682
cdclt_random,random_071,unsat,0.027839,0.009513,606
cdclt_random,random_072,sat,0.037408,0.004359,283
cdclt_random,random_073,unsat,0.039136,0.014069,986
cdclt_random,random_074,unsat,0.074545,0.01384,779
cdclt_random,random_075,unsat,0.072736,0.014857,956
cdclt_random,random_076,unsat,0.055138,0.009986,626
cdclt_random,random_077,unsat,0.048253,0.008366,685
cdclt_random,random_078,unsat,0.042873,0.008815,723
cdclt_random,random_079,unsat,0.043362,0.0124,906
cdclt_random,random_080,sat,0.0754,0.005972,333
cdclt_random,random_081,unsat,0.058723,0.012979,969
cdclt_random,random_082,sat,0.024958,0.004148,275
cdclt_random,random_083,unsat,0.057163,0.010671,797
cdclt_random,random_084,unsat,0.021187,0.009503,439
cdclt_random,random_085,sat,0.060094,0.004527,339
cdclt_random,random_086,sat,0.024762,0.004444,292
cdclt_random,random_087,sat,0.074612,0.005565,363
cdclt_random,random_088,unsat,0.046732,0.014718,981
cdclt_random,random_089,sat,0.104356,0.006249,380
cdclt_random,random_090,sat,0.067395,0.004878,376
cdclt_random,random_091,sat,0.086989,0.01046,388
cdclt_random,random_092,unsat,0.04696,0.019214,1167
cdclt_random,random_093,unsat,0.122971,0.014725,734
cdclt_random,random_094,unsat,0.02632,0.010188,689
cdclt_random,random_095,unsat,0.100044,0.036881,1061
cdclt_random,random_096,sat,0.052181,0.005046,340
cdclt_random,random_097,unsat,0.078758,0.014267,699
cdclt_random,random_098,unsat,0.048459,0.009087,622
cdclt_random,random_099,sat,0.039542,0.003895,261
cdclt_random,random_100,unsat,0.42624,0.01038,651
cdclt_random,random_101,unsat,0.108212,0.017845,911
cdclt_random,random_102,unsat,0.038536,0.008033,568
cdclt_random,random_103,sat,0.088272,0.006528,364
cdclt_random,random_104,sat,0.041632,0.005179,253
cdclt_random,random_105,unsat,0.083679,0.015423,918
cdclt_random,random_106,sat,0.098081,0.006751,397
cdclt_random,random_107,unsat,0.041839,0.013981,869
cdclt_random,random_108,unsat,0.069284,0.013358,908
cdclt_random,random_109,unsat,0.043971,0.015188,1096
cdclt_random,random_110,sat,0.201874,0.005095,350
cdclt_random,random_111,sat,0.10444,0.005634,362
cdclt_random,random_112,unsat,0.088121,0.019321,1134
cdclt_random,random_113,unsat,0.053792,0.012825,754
cdclt_random,random_114,unsat,0.031718,0.010105,808
cdclt_random,random_115,unsat,0.060196,0.02035,1183
cdclt_random,random_116,unsat,0.053169,0.01427,1088
cdclt_random,random_117,sat,0.037537,0.004266,258
cdclt_random,random_118,unsat,0.105751,0.017686,1150
cdclt_random,random_119,unsat,0.019578,0.007544,518
cdclt_random,random_120,unsat,0.035747,0.01271,926
cdclt_random,random_121,unsat,0.051132,0.007737,579
cdclt_random,random_122,sat,0.029726,0.005106,316
cdclt_random,random_123,unsat,0.034424,0.015124,1018
cdclt_random,random_124,sat,0.03392,0.00501,321
cdclt_random,random_125,unsat,0.048535,0.097897,932
cdclt_random,random_126,sat,0.031989,0.005446,331
cdclt_random,random_127,sat,0.018331,0.003314,257
cdclt_random,random_128,unsat,0.062478,0.016356,1004
cdclt_random,random_129,sat,0.04353,0.006341,415
cdclt_random,random_130,sat,0.070613,0.006473,404
cdclt_random,random_131,sat,0.027294,0.003918,278
cdclt_random,random_132,unsat,0.02342,0.009527,642
cdclt_random,random_133,unsat,0.046106,0.011164,810
cdclt_random,random_134,sat,0.050731,0.005315,382
cdclt_random,random_135,sat,0.072837,0.003863,263
cdclt_random,random_136,unsat,0.121147,0.016422,823
cdclt_random,random_137,unsat,0.026834,0.009087,700
cdclt_random,random_138,sat,0.06181,0.008156,471
cdclt_random,random_139,unsat,0.033275,0.014686,1104
cdclt_random,random_140,sat,0.105846,0.005514,387
cdclt_random,random_141,sat,0.224655,0.004495,358
cdclt_random,random_142,unsat,0.085498,0.015301,754
cdclt_random,random_143,unsat,0.027439,0.008448,676
cdclt_random,random_144,sat,0.059655,0.003986,292
cdclt_random,random_145,unsat,0.021546,0.008379,511
cdclt_random,random_146,sat,0.047658,0.004751,295
cdclt_random,random_147,sat,0.029035,0.004719,281
cdclt_random,random_148,unsat,0.034236,0.011894,831
cdclt_random,random_149,unsat,0.037435,0.012861,888
cdclt_random,random_150,unsat,0.087546,0.019113,1329
cdclt_random,random_151,unsat,0.04446,0.016111,1134
cdclt_random,random_152,unsat,0.038771,0.013552,936
cdclt_random,random_153,unsat,0.070809,0.014872,1159
cdclt_random,random_154,unsat,0.078495,0.017296,1228
cdclt_random,random_155,sat,0.063101,0.005925,380
cdclt_random,random_156,unsat,0.08487,0.016457,886
cdclt_random,random_157,sat,0.043604,0.007348,358
cdclt_random,random_158,unsat,0.072482,0.01279,896
cdclt_random,random_159,sat,0.092948,0.005672,372
cdclt_random,random_160,sat,0.018497,0.003732,253
cdclt_random,random_161,unsat,0.046515,0.0109,783
cdclt_random,random_162,unsat,0.031758,0.013817,1083
cdclt_random,random_163,unsat,0.035613,0.006393,490
cdclt_random,random_164,unsat,0.026092,0.009168,667
cdclt_random,random_165,unsat,0.071073,0.010053,611
cdclt_random,random_166,unsat,0.062417,0.012376,926
cdclt_random,random_167,unsat,0.038436,0.013432,1005
cdclt_random,random_168,sat,0.124294,0.007049,434
cdclt_random,random_169,unsat,0.028488,0.009135,616
cdclt_random,random_170,sat,0.061317,0.004268,336
cdclt_random,random_171,sat,0.059457,0.005437,368
cdclt_random,random_172,unsat,0.035779,0.014211,925
cdclt_random,random_173,unsat,0.114213,0.014999,1115
cdclt_random,random_174,sat,0.035672,0.007191,341
cdclt_random,random_175,unsat,0.057858,0.011956,850
cdclt_random,random_176,sat,0.047504,0.004419,294
cdclt_random,random_177,unsat,0.048212,0.013019,886
cdclt_random,random_178,sat,0.080648,0.005943,414
cdclt_random,random_179,sat,0.452351,0.00516,363
cdclt_random,random_180,unsat,0.052363,0.013457,916
cdclt_random,random_181,unsat,0.026172,0.00921,486
cdclt_random,random_182,unsat,0.051456,0.013933,1030
cdclt_random,random_183,sat,0.070089,0.006066,365
cdclt_random,random_184,unsat,0.02353,0.009044,586
cdclt_random,random_185,unsat,0.039496,0.008095,577
cdclt_random,random_186,sat,0.094606,0.005755,354
cdclt_random,random_187,unsat,0.037045,0.094934,951
cdclt_random,random_188,unsat,0.083179,0.027236,1013
cdclt_random,random_189,unsat,0.044531,0.011098,650
cdclt_random,random_190,unsat,0.076898,0.015748,1063
cdclt_random,random_191,unsat,0.050114,0.015135,867
cdclt_random,random_192,unsat,0.045772,0.011768,708
cdclt_random,random_193,unsat,0.051583,0.011771,744
cdclt_random,random_194,unsat,0.062846,0.011272,592
cdclt_random,random_195,unsat,0.064358,0.017841,1174
cdclt_random,random_196,unsat,0.032792,0.009117,694
cdclt_random,random_197,sat,0.077861,0.006501,367
cdclt_random,random_198,unsat,0.075794,0.009935,652
cdclt_random,random_199,unsat,0.076169,0.017681,1207
cdclt_random,random_200,sat,0.060441,0.007247,398
cdclt_random,random_201,unsat,0.028117,0.011168,856
cdclt_random,random_202,sat,0.097434,0.005729,331
cdclt_random,random_203,unsat,0.043716,0.016323,1105
cdclt_random,random_204,unsat,0.043369,0.010404,683
cdclt_random,random_205,sat,0.04078,0.005388,284
cdclt_random,random_206,unsat,0.173516,0.017738,1201
cdclt_random,random_207,unsat,0.079406,0.018929,1119
cdclt_random,random_208,unsat,0.039813,0.00803,571
cdclt_random,random_209,sat,0.088745,0.004531,309
cdclt_random,random_210,unsat,0.026099,0.009387,713
cdclt_random,random_211,unsat,0.211163,0.01378,987
cdclt_random,random_212,unsat,0.060926,0.018965,1302
cdclt_random,random_213,unsat,0.055637,0.011824,683
cdclt_random,random_214,sat,0.094728,0.00619,358
cdclt_random,random_215,sat,0.056939,0.005729,434
cdclt_random,random_216,unsat,0.04062,0.030338,998
cdclt_random,random_217,unsat,0.046401,0.010319,624
cdclt_random,random_218,unsat,0.034062,0.011907,908
cdclt_random,random_219,unsat,0.071821,0.018947,1357
cdclt_random,random_220,sat,0.055432,0.00554,328
cdclt_random,random_221,sat,0.379542,0.005453,369
cdclt_random,random_222,sat,0.037391,0.003837,311
cdclt_random,random_223,sat,0.027246,0.004342,286
cdclt_random,random_224,sat,0.10107,0.006559,385
cdclt_random,random_225,unsat,0.043925,0.020164,1204
cdclt_random,random_226,sat,0.065946,0.004495,339
cdclt_random,random_227,sat,0.057871,0.004045,345
cdclt_random,random_228,unsat,0.088986,0.019949,1027
cdclt_random,random_229,unsat,0.044928,0.01158,809
cdclt_random,random_230,unsat,0.064568,0.012939,906
cdclt_random,random_231,unsat,0.049095,0.014612,1036
cdclt_random,random_232,sat,0.027319,0.004679,287
cdclt_random,random_233,unsat,0.068505,0.017443,1047
cdclt_random,random_234,unsat,0.037795,0.013229,977
cdclt_random,random_235,sat,0.040195,0.004158,307
cdclt_random,random_236,sat,0.173668,0.005421,373
cdclt_random,random_237,unsat,0.053639,0.017843,1102
cdclt_random,random_238,unsat,0.034744,0.014677,1037
cdclt_random,random_239,unsat,0.03643,0.013223,1029
cdclt_random,random_240,sat,0.031934,0.005381,329
cdclt_random,random_241,unsat,0.037948,0.012879,713
cdclt_random,random_242,unsat,0.041995,0.030898,910
cdclt_random,random_243,sat,0.058416,0.004813,368
cdclt_random,random_244,unsat,0.029081,0.028152,857
cdclt_random,random_245,unsat,0.086237,0.016266,1001
cdclt_random,random_246,unsat,0.051134,0.014591,1042
cdclt_random,random_247,unsat,0.053366,0.009824,649
cdclt_random,random_248,sat,0.029891,0.005165,323
cdclt_random,random_249,unsat,0.104403,0.018735,1218
cdclt_random,random_250,sat,0.016883,0.003262,253
cdclt_random,random_251,unsat,0.310267,0.012689,815
cdclt_random,random_252,unsat,0.061198,0.013417,977
cdclt_random,random_253,unsat,0.033654,0.01478,1115
cdclt_random,random_254,sat,0.021455,0.004088,280
cdclt_random,random_255,unsat,0.183443,0.013327,633
cdclt_random,random_256,unsat,0.117568,0.014389,941
cdclt_random,random_257,unsat,0.057283,0.015909,1143
cdclt_random,random_258,sat,0.114065,0.00502,372
cdclt_random,random_259,unsat,0.039791,0.01526,1025
cdclt_random,random_260,sat,0.044517,0.003812,283
cdclt_random,random_261,unsat,0.039995,0.008502,563
cdclt_random,random_262,unsat,0.049052,0.014673,1167
cdclt_random,random_263,unsat,0.039092,0.007375,596
cdclt_random,random_264,unsat,0.046187,0.011593,820
cdclt_random,random_265,sat,0.069905,0.004987,308
cdclt_random,random_266,unsat,0.034794,0.010922,636
cdclt_random,random_267,unsat,0.0815,0.015638,826
cdclt_random,random_268,sat,0.036213,0.004651,320
cdclt_random,random_269,unsat,0.060164,0.019989,962
cdclt_random,random_270,unsat,0.039664,0.011404,686
cdclt_random,random_271,unsat,0.062495,0.01456,1049
cdclt_random,random_272,sat,0.059117,0.005618,330
cdclt_random,random_273,unsat,0.147983,0.019319,1223
cdclt_random,random_274,unsat,0.062432,0.012854,960
cdclt_random,random_275,sat,0.109975,0.008974,418
cdclt_random,random_276,sat,0.068431,0.005191,365
cdclt_random,random_277,sat,0.08605,0.006886,418
cdclt_random,random_278,unsat,0.204577,0.013066,885
cdclt_random,random_279,sat,0.030337,0.005286,280
cdclt_random,random_280,unsat,0.072708,0.012047,819
cdclt_random,random_281,unsat,0.046146,0.017395,915
cdclt_random,random_282,unsat,0.041667,0.013491,1010
cdclt_random,random_283,sat,0.068686,0.005817,391
cdclt_random,random_284,sat,0.35019,0.007598,366
cdclt_random,random_285,unsat,0.079479,0.014663,926
cdclt_random,random_286,sat,0.040814,0.005741,336
cdclt_random,random_287,unsat,0.025999,0.00984,654
cdclt_random,random_288,sat,0.083609,0.005622,340
cdclt_random,random_289,unsat,0.03781,0.016381,1004
cdclt_random,random_290,unsat,0.050408,0.008886,625
cdclt_random,random_291,unsat,0.089825,0.01679,1226
cdclt_random,random_292,sat,0.018125,0.003894,251
cdclt_random,random_293,sat,0.037726,0.00438,349
cdclt_random,random_294,sat,0.07125,0.005218,364
cdclt_random,random_295,unsat,0.045432,0.013664,912
cdclt_random,random_296,unsat,0.079797,0.019737,1232
cdclt_random,random_297,unsat,0.067076,0.011987,789
cdclt_random,random_298,unsat,0.067263,0.011679,669
cdclt_random,random_299,unsat,0.040811,0.013874,730
pigeonhole,2_into_1,unsat,0.221651,0.010233,497
pigeonhole,3_into_2,unsat,0.154892,0.024613,1499
pigeonhole,4_into_3,unsat,1.28066,0.106254,5360
pigeonhole,5_into_4,unsat,10.506821,0.553747,18141
pigeonhole,6_into_5,unsat,94.334985,1.595165,59592
witness,a-3_b0_m1,proved,0.015199,0.006847,58
witness,a-3_b1_m1,proved,0.037414,0.003854,58
witness,a-3_b2_m1,proved,0.003149,0.001991,58
witness,a-3_b3_m1,proved,0.002027,0.001144,58
witness,a-3_b4_m1,proved,0.001658,0.000956,58
witness,a-3_b5_m1,proved,0.001254,0.000862,58
witness,a-2_b0_m1,proved,0.001342,0.000794,58
witness,a-2_b1_m1,proved,0.002261,0.00105,58
witness,a-2_b2_m1,proved,0.001092,0.000707,58
witness,a-2_b3_m1,proved,0.001206,0.000706,58
witness,a-2_b4_m1,proved,0.001042,0.000686,58
witness,a-2_b5_m1,proved,0.001137,0.000944,58
witness,a-1_b0_m1,proved,0.001091,0.000762,58
witness,a-1_b1_m1,proved,0.001231,0.000737,58
witness,a-1_b2_m1,proved,0.002015,0.00106,58
witness,a-1_b3_m1,proved,0.001335,0.000694,58
witness,a-1_b4_m1,proved,0.020942,0.001446,58
witness,a-1_b5_m1,proved,0.002381,0.000969,58
witness,a0_b0_m1,proved,0.001288,0.000683,57
witness,a0_b1_m1,proved,0.001017,0.000646,57
witness,a0_b2_m1,proved,0.001674,0.000895,57
witness,a0_b3_m1,proved,0.001493,0.000689,57
witness,a0_b4_m1,proved,0.000982,0.000611,57
witness,a0_b5_m1,proved,0.00102,0.000674,57
witness,a1_b0_m1,proved,0.000995,0.000716,57
witness,a1_b1_m1,proved,0.001063,0.000628,57
witness,a1_b2_m1,proved,0.001761,0.000714,57
witness,a1_b3_m1,proved,0.001,0.000655,57
witness,a1_b4_m1,proved,0.00099,0.000737,57
witness,a1_b5_m1,proved,0.001189,0.00068,57
witness,a2_b0_m1,proved,0.001612,0.001001,57
witness,a2_b1_m1,proved,0.001067,0.000659,57
witness,a2_b2_m1,proved,0.001008,0.000812,57
witness,a2_b3_m1,proved,0.001178,0.000601,57
witness,a2_b4_m1,proved,0.000938,0.000651,57
witness,a2_b5_m1,proved,0.001051,0.000754,57
witness,a3_b0_m1,proved,0.001257,0.000698,57
witness,a3_b1_m1,proved,0.000959,0.000691,57
witness,a3_b2_m1,proved,0.000926,0.00069,57
witness,a3_b3_m1,proved,0.00104,0.000648,57
witness,a3_b4_m1,proved,0.001225,0.000659,57
witness,a3_b5_m1,proved,0.00101,0.000687,57
witness,a4_b0_m1,proved,0.001242,0.000686,57
witness,a4_b1_m1,proved,0.001322,0.000663,57
witness,a4_b2_m1,proved,0.001006,0.000645,57
witness,a4_b3_m1,proved,0.001127,0.000697,57
witness,a4_b4_m1,proved,0.001795,0.000936,57
witness,a4_b5_m1,proved,0.001084,0.000797,57
witness,a5_b0_m1,proved,0.001728,0.00116,57
witness,a5_b1_m1,proved,0.001449,0.000738,57
witness,a5_b2_m1,proved,0.00098,0.000622,57
witness,a5_b3_m1,proved,0.001019,0.000636,57
witness,a5_b4_m1,proved,0.001797,0.001131,57
witness,a5_b5_m1,proved,0.001329,0.000909,57
witness,a-3_b0_m2,proved,0.002208,0.001066,61
witness,a-3_b1_m2,proved,0.001808,0.00093,61
witness,a-3_b2_m2,proved,0.001566,0.000868,61
witness,a-3_b3_m2,proved,0.002043,0.000967,61
witness,a-3_b4_m2,proved,0.001922,0.00108,61
witness,a-3_b5_m2,proved,0.001421,0.000832,61
witness,a-2_b0_m2,proved,0.00155,0.001128,61
witness,a-2_b1_m2,impossible,0.000825,0,0
witness,a-2_b2_m2,proved,0.001464,0.001001,61
witness,a-2_b3_m2,impossible,0.000906,0,0
witness,a-2_b4_m2,proved,0.00156,0.000961,61
witness,a-2_b5_m2,impossible,0.000746,0,0
witness,a-1_b0_m2,proved,0.001969,0.000877,61
witness,a-1_b1_m2,proved,0.001645,0.000918,61
witness,a-1_b2_m2,proved,0.001423,0.000813,61
witness,a-1_b3_m2,proved,0.001466,0.000762,61
witness,a-1_b4_m2,proved,0.001516,0.000896,61
witness,a-1_b5_m2,proved,0.001416,0.000826,61
witness,a0_b0_m2,proved,0.00128,0.00081,60
witness,a0_b1_m2,impossible,0.000571,0,0
witness,a0_b2_m2,proved,0.001223,0.000838,60
witness,a0_b3_m2,impossible,0.000696,0,0
witness,a0_b4_m2,proved,0.001273,0.000746,60
witness,a0_b5_m2,impossible,0.000605,0,0
witness,a1_b0_m2,proved,0.001654,0.001072,60
witness,a1_b1_m2,proved,0.001446,0.000891,60
witness,a1_b2_m2,proved,0.001696,0.000878,60
witness,a1_b3_m2,proved,0.001692,0.000858,60
witness,a1_b4_m2,proved,0.001759,0.000844,60
witness,a1_b5_m2,proved,0.001734,0.000811,60
witness,a2_b0_m2,proved,0.001941,0.000843,60
witness,a2_b1_m2,impossible,0.000625,0,0
witness,a2_b2_m2,proved,0.001261,0.00078,60
witness,a2_b3_m2,impossible,0.001339,0,0
witness,a2_b4_m2,proved,0.001607,0.001253,60
witness,a2_b5_m2,impossible,0.000708,0,0
witness,a3_b0_m2,proved,0.001453,0.000878,60
witness,a3_b1_m2,proved,0.001467,0.000946,60
witness,a3_b2_m2,proved,0.00156,0.000874,60
witness,a3_b3_m2,proved,0.002239,0.001131,60
witness,a3_b4_m2,proved,0.001838,0.000819,60
witness,a3_b5_m2,proved,0.001772,0.001064,60
witness,a4_b0_m2,proved,0.001443,0.000888,60
witness,a4_b1_m2,impossible,0.000922,0,0
witness,a4_b2_m2,proved,0.001342,0.000847,60
witness,a4_b3_m2,impossible,0.000578,0,0
witness,a4_b4_m2,proved,0.00135,0.000844,60
witness,a4_b5_m2,impossible,0.000704,0,0
witness,a5_b0_m2,proved,0.001541,0.000843,60
witness,a5_b1_m2,proved,0.001387,0.000855,60
witness,a5_b2_m2,proved,0.001472,0.000788,60
witness,a5_b3_m2,proved,0.001431,0.000883,60
witness,a5_b4_m2,proved,0.001454,0.000741,60
witness,a5_b5_m2,proved,0.002824,0.001334,60
witness,a-3_b0_m3,proved,0.002057,0.001094,64
witness,a-3_b1_m3,impossible,0.000613,0,0
witness,a-3_b2_m3,impossible,0.000798,0,0
witness,a-3_b3_m3,proved,0.002048,0.001214,64
witness,a-3_b4_m3,impossible,0.0006,0,0
witness,a-3_b5_m3,impossible,0.00057,0,0
witness,a-2_b0_m3,proved,0.002071,0.001112,64
witness,a-2_b1_m3,proved,0.002063,0.001078,64
witness,a-2_b2_m3,proved,0.002332,0.001134,64
witness,a-2_b3_m3,proved,0.002001,0.001003,64
witness,a-2_b4_m3,proved,0.001954,0.001063,64
witness,a-2_b5_m3,proved,0.001981,0.001002,64
witness,a-1_b0_m3,proved,0.002265,0.001051,64
witness,a-1_b1_m3,proved,0.001931,0.00101,64
witness,a-1_b2_m3,proved,0.001762,0.001064,64
witness,a-1_b3_m3,proved,0.001968,0.001068,64
witness,a-1_b4_m3,proved,0.001849,0.000945,64
witness,a-1_b5_m3,proved,0.0021,0.000971,64
witness,a0_b0_m3,proved,0.00177,0.000999,63
witness,a0_b1_m3,impossible,0.000845,0,0
witness,a0_b2_m3,impossible,0.000601,0,0
witness,a0_b3_m3,proved,0.002008,0.000982,63
witness,a0_b4_m3,impossible,0.001086,0,0
witness,a0_b5_m3,impossible,0.000542,0,0
witness,a1_b0_m3,proved,0.001937,0.001369,63
witness,a1_b1_m3,proved,0.002155,0.000947,63
witness,a1_b2_m3,proved,0.001882,0.001175,63
witness,a1_b3_m3,proved,0.002095,0.001095,63
witness,a1_b4_m3,proved,0.001953,0.000956,63
witness,a1_b5_m3,proved,0.00217,0.00091,63
witness,a2_b0_m3,proved,0.001881,0.000998,63
witness,a2_b1_m3,proved,0.002074,0.000978,63
witness,a2_b2_m3,proved,0.002168,0.000933,63
witness,a2_b3_m3,proved,0.001795,0.001027,63
witness,a2_b4_m3,proved,0.001873,0.000965,63
witness,a2_b5_m3,proved,0.0018,0.000959,63
witness,a3_b0_m3,proved,0.001814,0.001019,63
witness,a3_b1_m3,impossible,0.000637,0,0
witness,a3_b2_m3,impossible,0.000572,0,0
witness,a3_b3_m3,proved,0.001737,0.000938,63
witness,a3_b4_m3,impossible,0.0006,0,0
witness,a3_b5_m3,impossible,0.000527,0,0
witness,a4_b0_m3,proved,0.001761,0.000965,63
witness,a4_b1_m3,proved,0.002114,0.000899,63
witness,a4_b2_m3,proved,0.002028,0.00086,63
witness,a4_b3_m3,proved,0.001789,0.001003,63
witness,a4_b4_m3,proved,0.001946,0.000931,63
witness,a4_b5_m3,proved,0.002034,0.000922,63
witness,a5_b0_m3,proved,0.002196,0.001058,63
witness,a5_b1_m3,proved,0.001872,0.000946,63
witness,a5_b2_m3,proved,0.001856,0.000932,63
witness,a5_b3_m3,proved,0.001904,0.000973,63
witness,a5_b4_m3,proved,0.001936,0.000908,63
witness,a5_b5_m3,proved,0.001713,0.001051,63
witness,a-3_b0_m4,proved,0.002652,0.001257,67
witness,a-3_b1_m4,proved,0.002439,0.001208,67
witness,a-3_b2_m4,proved,0.002419,0.001263,67
witness,a-3_b3_m4,proved,0.002784,0.001126,67
witness,a-3_b4_m4,proved,0.002343,0.001158,67
witness,a-3_b5_m4,proved,0.002391,0.001125,67
witness,a-2_b0_m4,proved,0.002478,0.001233,67
witness,a-2_b1_m4,impossible,0.000847,0,0
witness,a-2_b2_m4,proved,0.001997,0.001089,67
witness,a-2_b3_m4,impossible,0.000778,0,0
witness,a-2_b4_m4,proved,0.002147,0.001244,67
witness,a-2_b5_m4,impossible,0.000721,0,0
witness,a-1_b0_m4,proved,0.002793,0.001111,67
witness,a-1_b1_m4,proved,0.00237,0.001071,67
witness,a-1_b2_m4,proved,0.002387,0.001088,67
witness,a-1_b3_m4,proved,0.002513,0.001108,67
witness,a-1_b4_m4,proved,0.00226,0.001146,67
witness,a-1_b5_m4,proved,0.002507,0.001169,67
witness,a0_b0_m4,proved,0.002175,0.001189,66
witness,a0_b1_m4,impossible,0.00064,0,0
witness,a0_b2_m4,impossible,0.00058,0,0
witness,a0_b3_m4,impossible,0.000593,0,0
witness,a0_b4_m4,proved,0.00186,0.001077,66
witness,a0_b5_m4,impossible,0.000553,0,0
witness,a1_b0_m4,proved,0.002294,0.001143,66
witness,a1_b1_m4,proved,0.002659,0.001206,66
witness,a1_b2_m4,proved,0.002525,0.001178,66
witness,a1_b3_m4,proved,0.002404,0.001243,66
witness,a1_b4_m4,proved,0.002353,0.001094,66
witness,a1_b5_m4,proved,0.002234,0.001128,66
witness,a2_b0_m4,proved,0.002475,0.001118,66
witness,a2_b1_m4,impossible,0.000696,0,0
witness,a2_b2_m4,proved,0.002017,0.001125,66
witness,a2_b3_m4,impossible,0.000695,0,0
witness,a2_b4_m4,proved,0.002026,0.00114,66
witness,a2_b5_m4,impossible,0.000592,0,0
witness,a3_b0_m4,proved,0.002202,0.001095,66
witness,a3_b1_m4,proved,0.002676,0.001137,66
witness,a3_b2_m4,proved,0.002555,0.001057,66
witness,a3_b3_m4,proved,0.002393,0.001163,66
witness,a3_b4_m4,proved,0.002402,0.001077,66
witness,a3_b5_m4,proved,0.002619,0.001091,66
witness,a4_b0_m4,proved,0.002075,0.001084,66
witness,a4_b1_m4,impossible,0.000665,0,0
witness,a4_b2_m4,impossible,0.000587,0,0
witness,a4_b3_m4,impossible,0.000624,0,0
witness,a4_b4_m4,proved,0.001919,0.001179,66
witness,a4_b5_m4,impossible,0.000607,0,0
witness,a5_b0_m4,proved,0.002293,0.00108,66
witness,a5_b1_m4,proved,0.002528,0.001084,66
witness,a5_b2_m4,proved,0.00249,0.001102,66
witness,a5_b3_m4,proved,0.002319,0.001142,66
witness,a5_b4_m4,proved,0.002293,0.001057,66
witness,a5_b5_m4,proved,0.002299,0.001122,66
witness,a-3_b0_m5,proved,0.002989,0.001316,70
witness,a-3_b1_m5,proved,0.003272,0.00138,70
witness,a-3_b2_m5,proved,0.00294,0.001287,70
witness,a-3_b3_m5,proved,0.003079,0.001344,70
witness,a-3_b4_m5,proved,0.003008,0.001338,70
witness,a-3_b5_m5,proved,0.00294,0.001369,70
witness,a-2_b0_m5,proved,0.002974,0.00128,70
witness,a-2_b1_m5,proved,0.002907,0.001283,70
witness,a-2_b2_m5,proved,0.00322,0.00126,70
witness,a-2_b3_m5,proved,0.002944,0.001256,70
witness,a-2_b4_m5,proved,0.003107,0.001287,70
witness,a-2_b5_m5,proved,0.003068,0.00128,70
witness,a-1_b0_m5,proved,0.002972,0.001248,70
witness,a-1_b1_m5,proved,0.002906,0.001217,70
witness,a-1_b2_m5,proved,0.00293,0.001248,70
witness,a-1_b3_m5,proved,0.00316,0.001325,70
witness,a-1_b4_m5,proved,0.003082,0.001259,70
witness,a-1_b5_m5,proved,0.003594,0.001291,70
witness,a0_b0_m5,proved,0.002298,0.00131,69
witness,a0_b1_m5,impossible,0.000794,0,0
witness,a0_b2_m5,impossible,0.000789,0,0
witness,a0_b3_m5,impossible,0.000622,0,0
witness,a0_b4_m5,impossible,0.000555,0,0
witness,a0_b5_m5,proved,0.002066,0.001223,69
witness,a1_b0_m5,proved,0.002802,0.001291,69
witness,a1_b1_m5,proved,0.002879,0.001227,69
witness,a1_b2_m5,proved,0.004673,0.001784,69
witness,a1_b3_m5,proved,0.003197,0.001357,69
witness,a1_b4_m5,proved,0.002787,0.001155,69
witness,a1_b5_m5,proved,0.002801,0.00132,69
witness,a2_b0_m5,proved,0.002878,0.001249,69
witness,a2_b1_m5,proved,0.003137,0.001318,69
witness,a2_b2_m5,proved,0.002705,0.001223,69
witness,a2_b3_m5,proved,0.00287,0.001291,69
witness,a2_b4_m5,proved,0.002723,0.001299,69
witness,a2_b5_m5,proved,0.00279,0.001248,69
witness,a3_b0_m5,proved,0.002917,0.001197,69
witness,a3_b1_m5,proved,0.002811,0.001251,69
witness,a3_b2_m5,proved,0.002748,0.001226,69
witness,a3_b3_m5,proved,0.002902,0.001207,69
witness,a3_b4_m5,proved,0.002771,0.001215,69
witness,a3_b5_m5,proved,0.002692,0.001253,69
witness,a4_b0_m5,proved,0.002671,0.001231,69
witness,a4_b1_m5,proved,0.003213,0.001217,69
witness,a4_b2_m5,proved,0.00306,0.001207,69
witness,a4_b3_m5,proved,0.002847,0.001245,69
witness,a4_b4_m5,proved,0.00284,0.001223,69
witness,a4_b5_m5,proved,0.002701,0.001262,69
witness,a5_b0_m5,proved,0.002272,0.001233,69
witness,a5_b1_m5,impossible,0.000632,0,0
witness,a5_b2_m5,impossible,0.00065,0,0
witness,a5_b3_m5,impossible,0.000565,0,0
witness,a5_b4_m5,impossible,0.000563,0,0
witness,a5_b5_m5,proved,0.002593,0.001241,69
witness,a-3_b0_m6,proved,0.003083,0.001414,73
witness,a-3_b1_m6,impossible,0.000666,0,0
witness,a-3_b2_m6,impossible,0.000618,0,0
witness,a-3_b3_m6,proved,0.003066,0.0015,73
witness,a-3_b4_m6,impossible,0.000602,0,0
witness,a-3_b5_m6,impossible,0.000527,0,0
witness,a-2_b0_m6,proved,0.00316,0.001464,73
witness,a-2_b1_m6,impossible,0.000732,0,0
witness,a-2_b2_m6,proved,0.003032,0.001481,73
witness,a-2_b3_m6,impossible,0.000584,0,0
witness,a-2_b4_m6,proved,0.003045,0.001606,73
witness,a-2_b5_m6,impossible,0.000585,0,0
witness,a-1_b0_m6,proved,0.003702,0.001415,73
witness,a-1_b1_m6,proved,0.003443,0.001455,73
witness,a-1_b2_m6,proved,0.003662,0.001379,73
witness,a-1_b3_m6,proved,0.003893,0.001352,73
witness,a-1_b4_m6,proved,0.003889,0.001418,73
witness,a-1_b5_m6,proved,0.003785,0.00132,73
witness,a0_b0_m6,proved,0.00265,0.001314,72
witness,a0_b1_m6,impossible,0.000725,0,0
witness,a0_b2_m6,impossible,0.000581,0,0
witness,a0_b3_m6,impossible,0.000562,0,0
witness,a0_b4_m6,impossible,0.000533,0,0
witness,a0_b5_m6,impossible,0.000499,0,0
witness,a1_b0_m6,proved,0.003337,0.001343,72
witness,a1_b1_m6,proved,0.003498,0.00137,72
witness,a1_b2_m6,proved,0.003824,0.001268,72
witness,a1_b3_m6,proved,0.003492,0.001276,72
witness,a1_b4_m6,proved,0.003254,0.001315,72
witness,a1_b5_m6,proved,0.003754,0.001269,72
witness,a2_b0_m6,proved,0.002961,0.001331,72
witness,a2_b1_m6,impossible,0.000751,0,0
witness,a2_b2_m6,proved,0.00272,0.001424,72
witness,a2_b3_m6,impossible,0.000684,0,0
witness,a2_b4_m6,proved,0.002698,0.001328,72
witness,a2_b5_m6,impossible,0.000814,0,0
witness,a3_b0_m6,proved,0.003106,0.001381,72
witness,a3_b1_m6,impossible,0.000566,0,0
witness,a3_b2_m6,impossible,0.000595,0,0
witness,a3_b3_m6,proved,0.002646,0.001365,72
witness,a3_b4_m6,impossible,0.000606,0,0
witness,a3_b5_m6,impossible,0.000557,0,0
witness,a4_b0_m6,proved,0.002742,0.001339,72
witness,a4_b1_m6,impossible,0.000629,0,0
witness,a4_b2_m6,proved,0.002829,0.001389,72
witness,a4_b3_m6,impossible,0.00063,0,0
witness,a4_b4_m6,proved,0.002924,0.00126,72
witness,a4_b5_m6,impossible,0.000561,0,0
witness,a5_b0_m6,proved,0.003313,0.001291,72
witness,a5_b1_m6,proved,0.003379,0.001318,72
witness,a5_b2_m6,proved,0.003431,0.001299,72
witness,a5_b3_m6,proved,0.003286,0.001382,72
witness,a5_b4_m6,proved,0.003269,0.001508,72
witness,a5_b5_m6,proved,0.003439,0.001393,72
witness,a-3_b0_m7,proved,0.004299,0.001702,76
witness,a-3_b1_m7,proved,0.004181,0.001513,76
witness,a-3_b2_m7,proved,0.004127,0.001488,76
witness,a-3_b3_m7,proved,0.004209,0.001554,76
witness,a-3_b4_m7,proved,0.00412,0.001839,76
witness,a-3_b5_m7,proved,0.004453,0.001617,76
witness,a-2_b0_m7,proved,0.004449,0.001745,76
witness,a-2_b1_m7,proved,0.004037,0.001484,76
witness,a-2_b2_m7,proved,0.004208,0.001581,76
witness,a-2_b3_m7,proved,0.004656,0.001582,76
witness,a-2_b4_m7,proved,0.004187,0.00154,76
witness,a-2_b5_m7,proved,0.004029,0.027692,76
witness,a-1_b0_m7,proved,0.00548,0.001857,76
witness,a-1_b1_m7,proved,0.004433,0.001679,76
witness,a-1_b2_m7,proved,0.00446,0.001615,76
witness,a-1_b3_m7,proved,0.004445,0.001494,76
witness,a-1_b4_m7,proved,0.004395,0.001516,76
witness,a-1_b5_m7,proved,0.004163,0.001609,76
witness,a0_b0_m7,proved,0.002722,0.001557,75
witness,a0_b1_m7,impossible,0.000771,0,0
witness,a0_b2_m7,impossible,0.000643,0,0
witness,a0_b3_m7,impossible,0.000541,0,0
witness,a0_b4_m7,impossible,0.000564,0,0
witness,a0_b5_m7,impossible,0.000526,0,0
witness,a1_b0_m7,proved,0.004037,0.001687,75
witness,a1_b1_m7,proved,0.003871,0.001534,75
witness,a1_b2_m7,proved,0.003906,0.001466,75
witness,a1_b3_m7,proved,0.003753,0.001437,75
witness,a1_b4_m7,proved,0.004046,0.001502,75
witness,a1_b5_m7,proved,0.0038,0.001408,75
witness,a2_b0_m7,proved,0.003817,0.001422,75
witness,a2_b1_m7,proved,0.004045,0.001457,75
witness,a2_b2_m7,proved,0.004414,0.00143,75
witness,a2_b3_m7,proved,0.003958,0.001397,75
witness,a2_b4_m7,proved,0.003831,0.001617,75
witness,a2_b5_m7,proved,0.003924,0.001376,75
witness,a3_b0_m7,proved,0.003927,0.00145,75
witness,a3_b1_m7,proved,0.005573,0.001794,75
witness,a3_b2_m7,proved,0.004071,0.00161,75
witness,a3_b3_m7,proved,0.003971,0.001528,75
witness,a3_b4_m7,proved,0.003908,0.001552,75
witness,a3_b5_m7,proved,0.004151,0.001479,75
witness,a4_b0_m7,proved,0.003926,0.001492,75
witness,a4_b1_m7,proved,0.004333,0.001456,75
witness,a4_b2_m7,proved,0.003943,0.001447,75
witness,a4_b3_m7,proved,0.004029,0.001598,75
witness,a4_b4_m7,proved,0.003952,0.001526,75
witness,a4_b5_m7,proved,0.003791,0.001494,75
witness,a5_b0_m7,proved,0.003777,0.001479,75
witness,a5_b1_m7,proved,0.003826,0.001518,75
witness,a5_b2_m7,proved,0.003992,0.001457,75
witness,a5_b3_m7,proved,0.004117,0.001458,75
witness,a5_b4_m7,proved,0.00387,0.001482,75
witness,a5_b5_m7,proved,0.003793,0.001454,75
witness,a-3_b0_m8,proved,0.004934,0.001736,79
witness,a-3_b1_m8,proved,0.004913,0.001642,79
witness,a-3_b2_m8,proved,0.004981,0.001586,79
witness,a-3_b3_m8,proved,0.004697,0.001621,79
witness,a-3_b4_m8,proved,0.004745,0.001655,79
witness,a-3_b5_m8,proved,0.004686,0.001711,79
witness,a-2_b0_m8,proved,0.004042,0.001661,79
witness,a-2_b1_m8,impossible,0.00091,0,0
witness,a-2_b2_m8,proved,0.004298,0.001707,79
witness,a-2_b3_m8,impossible,0.000653,0,0
witness,a-2_b4_m8,proved,0.003798,0.001694,79
witness,a-2_b5_m8,impossible,0.000652,0,0
witness,a-1_b0_m8,proved,0.004914,0.001625,79
witness,a-1_b1_m8,proved,0.004831,0.001569,79
witness,a-1_b2_m8,proved,0.0049,0.001706,79
witness,a-1_b3_m8,proved,0.005048,0.001661,79
witness,a-1_b4_m8,proved,0.004767,0.001763,79
witness,a-1_b5_m8,proved,0.005139,0.001628,79
witness,a0_b0_m8,proved,0.002985,0.001553,78
witness,a0_b1_m8,impossible,0.000634,0,0
witness,a0_b2_m8,impossible,0.000546,0,0
witness,a0_b3_m8,impossible,0.000521,0,0
witness,a0_b4_m8,impossible,0.000519,0,0
witness,a0_b5_m8,impossible,0.000531,0,0
witness,a1_b0_m8,proved,0.004673,0.001598,78
witness,a1_b1_m8,proved,0.005205,0.001504,78
witness,a1_b2_m8,proved,0.004518,0.001525,78
witness,a1_b3_m8,proved,0.004474,0.001567,78
witness,a1_b4_m8,proved,0.004524,0.001573,78
witness,a1_b5_m8,proved,0.004844,0.001506,78
witness,a2_b0_m8,proved,0.003678,0.001546,78
witness,a2_b1_m8,impossible,0.000789,0,0
witness,a2_b2_m8,proved,0.003675,0.001542,78
witness,a2_b3_m8,impossible,0.000649,0,0
witness,a2_b4_m8,proved,0.003565,0.00155,78
witness,a2_b5_m8,impossible,0.000675,0,0
witness,a3_b0_m8,proved,0.004486,0.001537,78
witness,a3_b1_m8,proved,0.004928,0.001581,78
witness,a3_b2_m8,proved,0.004527,0.001539,78
witness,a3_b3_m8,proved,0.00452,0.00153,78
witness,a3_b4_m8,proved,0.005117,0.001598,78
witness,a3_b5_m8,proved,0.005446,0.001558,78
witness,a4_b0_m8,proved,0.003507,0.001597,78
witness,a4_b1_m8,impossible,0.000611,0,0
witness,a4_b2_m8,impossible,0.000628,0,0
witness,a4_b3_m8,impossible,0.000589,0,0
witness,a4_b4_m8,proved,0.003215,0.001736,78
witness,a4_b5_m8,impossible,0.000549,0,0
witness,a5_b0_m8,proved,0.004698,0.001623,78
witness,a5_b1_m8,proved,0.004852,0.001602,78
witness,a5_b2_m8,proved,0.004472,0.001504,78
witness,a5_b3_m8,proved,0.004717,0.001588,78
witness,a5_b4_m8,proved,0.004788,0.001603,78
witness,a5_b5_m8,proved,0.005011,0.001581,78
witness,a-3_b0_m9,proved,0.004258,0.001796,82
witness,a-3_b1_m9,impossible,0.000756,0,0
witness,a-3_b2_m9,impossible,0.000594,0,0
witness,a-3_b3_m9,proved,0.004141,0.001844,82
witness,a-3_b4_m9,impossible,0.000747,0,0
witness,a-3_b5_m9,impossible,0.000508,0,0
witness,a-2_b0_m9,proved,0.005569,0.001868,82
witness,a-2_b1_m9,proved,0.006304,0.001794,82
witness,a-2_b2_m9,proved,0.005651,0.001679,82
witness,a-2_b3_m9,proved,0.005844,0.001754,82
witness,a-2_b4_m9,proved,0.005934,0.001768,82
witness,a-2_b5_m9,proved,0.006115,0.001852,82
witness,a-1_b0_m9,proved,0.006278,0.001797,82
witness,a-1_b1_m9,proved,0.005585,0.001812,82
witness,a-1_b2_m9,proved,0.005955,0.001765,82
witness,a-1_b3_m9,proved,0.006113,0.001812,82
witness,a-1_b4_m9,proved,0.005718,0.001758,82
witness,a-1_b5_m9,proved,0.006115,0.001802,82
witness,a0_b0_m9,proved,0.00332,0.001691,81
witness,a0_b1_m9,impossible,0.000727,0,0
witness,a0_b2_m9,impossible,0.000575,0,0
witness,a0_b3_m9,impossible,0.000495,0,0
witness,a0_b4_m9,impossible,0.000551,0,0
witness,a0_b5_m9,impossible,0.000512,0,0
witness,a1_b0_m9,proved,0.005251,0.001746,81
witness,a1_b1_m9,proved,0.005518,0.001716,81
witness,a1_b2_m9,proved,0.005542,0.001703,81
witness,a1_b3_m9,proved,0.005679,0.001658,81
witness,a1_b4_m9,proved,0.005459,0.001819,81
witness,a1_b5_m9,proved,0.005598,0.001638,81
witness,a2_b0_m9,proved,0.005159,0.001628,81
witness,a2_b1_m9,proved,0.005754,0.00179,81
witness,a2_b2_m9,proved,0.005308,0.00168,81
witness,a2_b3_m9,proved,0.00635,0.001928,81
witness,a2_b4_m9,proved,0.005838,0.0016,81
witness,a2_b5_m9,proved,0.005558,0.001662,81
witness,a3_b0_m9,proved,0.319941,0.003496,81
witness,a3_b1_m9,impossible,0.001474,0,0
witness,a3_b2_m9,impossible,0.000787,0,0
witness,a3_b3_m9,proved,0.00425,0.002113,81
witness,a3_b4_m9,impossible,0.000748,0,0
witness,a3_b5_m9,impossible,0.0005,0,0
witness,a4_b0_m9,proved,0.00552,0.001883,81
witness,a4_b1_m9,proved,0.005467,0.001685,81
witness,a4_b2_m9,proved,0.005545,0.001753,81
witness,a4_b3_m9,proved,0.00537,0.001665,81
witness,a4_b4_m9,proved,0.005353,0.001725,81
witness,a4_b5_m9,proved,0.00554,0.001643,81
witness,a5_b0_m9,proved,0.005371,0.001732,81
witness,a5_b1_m9,proved,0.005201,0.001656,81
witness,a5_b2_m9,proved,0.005093,0.001685,81
witness,a5_b3_m9,proved,0.005434,0.001679,81
witness,a5_b4_m9,proved,0.005433,0.001704,81
witness,a5_b5_m9,proved,0.005103,0.00171,81
witness,a-3_b0_m10,proved,0.006754,0.001861,86
witness,a-3_b1_m10,proved,0.006757,0.001915,86
witness,a-3_b2_m10,proved,0.006718,0.001902,86
witness,a-3_b3_m10,proved,0.007212,0.00571,86
witness,a-3_b4_m10,proved,0.008355,0.00268,86
witness,a-3_b5_m10,proved,0.006808,0.001961,86
witness,a-2_b0_m10,proved,0.005125,0.001954,86
witness,a-2_b1_m10,impossible,0.000754,0,0
witness,a-2_b2_m10,proved,0.005306,0.001993,86
witness,a-2_b3_m10,impossible,0.000704,0,0
witness,a-2_b4_m10,proved,0.005035,0.001798,86
witness,a-2_b5_m10,impossible,0.000882,0,0
witness,a-1_b0_m10,proved,0.00673,0.001968,86
witness,a-1_b1_m10,proved,0.008148,0.002201,86
witness,a-1_b2_m10,proved,0.006986,0.001807,86
witness,a-1_b3_m10,proved,0.006765,0.001886,86
witness,a-1_b4_m10,proved,0.007205,0.001894,86
witness,a-1_b5_m10,proved,0.006721,0.002077,86
witness,a0_b0_m10,proved,0.003721,0.001927,85
witness,a0_b1_m10,impossible,0.000738,0,0
witness,a0_b2_m10,impossible,0.000589,0,0
witness,a0_b3_m10,impossible,0.000506,0,0
witness,a0_b4_m10,impossible,0.000781,0,0
witness,a0_b5_m10,impossible,0.018154,0,0
witness,a1_b0_m10,proved,0.00693,0.00274,85
witness,a1_b1_m10,proved,0.006734,0.002217,85
witness,a1_b2_m10,proved,0.006328,0.001875,85
witness,a1_b3_m10,proved,0.006262,0.001814,85
witness,a1_b4_m10,proved,0.005992,0.001781,85
witness,a1_b5_m10,proved,0.006761,0.002271,85
witness,a2_b0_m10,proved,0.006073,0.001834,85
witness,a2_b1_m10,impossible,0.000737,0,0
witness,a2_b2_m10,proved,0.004777,0.001915,85
witness,a2_b3_m10,impossible,0.000719,0,0
witness,a2_b4_m10,proved,0.019796,0.002298,85
witness,a2_b5_m10,impossible,0.000988,0,0
witness,a3_b0_m10,proved,0.006114,0.001815,85
witness,a3_b1_m10,proved,0.006086,0.001862,85
witness,a3_b2_m10,proved,0.006256,0.001867,85
witness,a3_b3_m10,proved,0.005811,0.001874,85
witness,a3_b4_m10,proved,0.006619,0.001841,85
witness,a3_b5_m10,proved,0.006005,0.001808,85
witness,a4_b0_m10,proved,0.004737,0.001822,85
witness,a4_b1_m10,impossible,0.001201,0,0
witness,a4_b2_m10,proved,0.005066,0.002312,85
witness,a4_b3_m10,impossible,0.015183,0,0
witness,a4_b4_m10,proved,0.004869,0.002303,85
witness,a4_b5_m10,impossible,0.00088,0,0
witness,a5_b0_m10,proved,0.004128,0.001991,85
witness,a5_b1_m10,impossible,0.000807,0,0
witness,a5_b2_m10,impossible,0.000586,0,0
witness,a5_b3_m10,impossible,0.000568,0,0
witness,a5_b4_m10,impossible,0.000539,0,0
witness,a5_b5_m10,proved,0.004004,0.001806,85
witness,a-3_b0_m11,proved,0.007891,0.00206,90
witness,a-3_b1_m11,proved,0.007112,0.002017,90
witness,a-3_b2_m11,proved,0.007043,0.001961,90
witness,a-3_b3_m11,proved,0.007122,0.002057,90
witness,a-3_b4_m11,proved,0.008699,0.002394,90
witness,a-3_b5_m11,proved,0.007385,0.002028,90
witness,a-2_b0_m11,proved,0.007929,0.002352,90
witness,a-2_b1_m11,proved,0.007245,0.001985,90
witness,a-2_b2_m11,proved,0.007044,0.001961,90
witness,a-2_b3_m11,proved,0.007128,0.002075,90
witness,a-2_b4_m11,proved,0.007131,0.002021,90
witness,a-2_b5_m11,proved,0.007571,0.001947,90
witness,a-1_b0_m11,proved,0.007326,0.00202,90
witness,a-1_b1_m11,proved,0.008474,0.002456,90
witness,a-1_b2_m11,proved,0.008522,0.002161,90
witness,a-1_b3_m11,proved,0.007668,0.002129,90
witness,a-1_b4_m11,proved,0.00735,0.00198,90
witness,a-1_b5_m11,proved,0.007099,0.002031,90
witness,a0_b0_m11,proved,0.004147,0.002036,88
witness,a0_b1_m11,impossible,0.001419,0,0
witness,a0_b2_m11,impossible,0.000566,0,0
witness,a0_b3_m11,impossible,0.000603,0,0
witness,a0_b4_m11,impossible,0.000518,0,0
witness,a0_b5_m11,impossible,0.000516,0,0
witness,a1_b0_m11,proved,0.007409,0.002648,89
witness,a1_b1_m11,proved,0.006891,0.002032,89
witness,a1_b2_m11,proved,0.008221,0.002321,89
witness,a1_b3_m11,proved,0.00707,0.001891,89
witness,a1_b4_m11,proved,0.006826,0.001945,89
witness,a1_b5_m11,proved,0.006724,0.001875,89
witness,a2_b0_m11,proved,0.012409,0.003066,89
witness,a2_b1_m11,proved,0.012158,0.00383,89
witness,a2_b2_m11,proved,0.007813,0.002375,89
witness,a2_b3_m11,proved,0.007186,0.002034,89
witness,a2_b4_m11,proved,0.008325,0.002347,89
witness,a2_b5_m11,proved,0.007726,0.002228,89
witness,a3_b0_m11,proved,0.007935,0.00217,89
witness,a3_b1_m11,proved,0.007282,0.00188,89
witness,a3_b2_m11,proved,0.007117,0.001993,89
witness,a3_b3_m11,proved,0.00713,0.002007,89
witness,a3_b4_m11,proved,0.00688,0.001882,89
witness,a3_b5_m11,proved,0.00691,0.002041,89
witness,a4_b0_m11,proved,0.006887,0.001974,89
witness,a4_b1_m11,proved,0.012928,0.003614,89
witness,a4_b2_m11,proved,0.008271,0.002271,89
witness,a4_b3_m11,proved,0.024097,0.002176,89
witness,a4_b4_m11,proved,0.006998,0.001964,89
witness,a4_b5_m11,proved,0.00689,0.001947,89
witness,a5_b0_m11,proved,0.00791,0.002159,89
witness,a5_b1_m11,proved,0.006918,0.001973,89
witness,a5_b2_m11,proved,0.007728,0.002144,89
witness,a5_b3_m11,proved,0.006978,0.002,89
witness,a5_b4_m11,proved,0.00698,0.00181,89
witness,a5_b5_m11,proved,0.007183,0.001846,89
witness,a-3_b0_m12,proved,0.006079,0.002268,92
witness,a-3_b1_m12,impossible,0.017015,0,0
witness,a-3_b2_m12,impossible,0.00076,0,0
witness,a-3_b3_m12,proved,0.00625,0.002497,92
witness,a-3_b4_m12,impossible,0.000627,0,0
witness,a-3_b5_m12,impossible,0.000464,0,0
witness,a-2_b0_m12,proved,0.006093,0.002143,92
witness,a-2_b1_m12,impossible,0.000738,0,0
witness,a-2_b2_m12,proved,0.006184,0.002204,92
witness,a-2_b3_m12,impossible,0.001371,0,0
witness,a-2_b4_m12,proved,0.006608,0.002417,92
witness,a-2_b5_m12,impossible,0.000847,0,0
witness,a-1_b0_m12,proved,0.008327,0.002188,94
witness,a-1_b1_m12,proved,0.008519,0.002355,94
witness,a-1_b2_m12,proved,0.02337,0.002494,94
witness,a-1_b3_m12,proved,0.008403,0.002015,94
witness,a-1_b4_m12,proved,0.008058,0.002138,94
witness,a-1_b5_m12,proved,0.00786,0.002116,94
witness,a0_b0_m12,proved,0.004645,0.002117,91
witness,a0_b1_m12,impossible,0.001282,0,0
witness,a0_b2_m12,impossible,0.000607,0,0
witness,a0_b3_m12,impossible,0.000547,0,0
witness,a0_b4_m12,impossible,0.000591,0,0
witness,a0_b5_m12,impossible,0.000516,0,0
witness,a1_b0_m12,proved,0.008081,0.002533,93
witness,a1_b1_m12,proved,0.007783,0.002211,93
witness,a1_b2_m12,proved,0.008574,0.002372,93
witness,a1_b3_m12,proved,0.009005,0.002258,93
witness,a1_b4_m12,proved,0.007728,0.002055,93
witness,a1_b5_m12,proved,0.007663,0.00212,93
witness,a2_b0_m12,proved,0.005674,0.002026,91
witness,a2_b1_m12,impossible,0.000751,0,0
witness,a2_b2_m12,proved,0.005658,0.002031,91
witness,a2_b3_m12,impossible,0.000605,0,0
witness,a2_b4_m12,proved,0.005751,0.002025,91
witness,a2_b5_m12,impossible,0.000521,0,0
witness,a3_b0_m12,proved,0.004921,0.002064,91
witness,a3_b1_m12,impossible,0.000592,0,0
witness,a3_b2_m12,impossible,0.019137,0,0
witness,a3_b3_m12,proved,0.05993,0.003275,91
witness,a3_b4_m12,impossible,0.001161,0,0
witness,a3_b5_m12,impossible,0.000565,0,0
witness,a4_b0_m12,proved,0.004991,0.002586,91
witness,a4_b1_m12,impossible,0.001127,0,0
witness,a4_b2_m12,impossible,0.000582,0,0
witness,a4_b3_m12,impossible,0.000533,0,0
witness,a4_b4_m12,proved,0.005008,0.002389,91
witness,a4_b5_m12,impossible,0.000708,0,0
witness,a5_b0_m12,proved,0.007764,0.002083,93
witness,a5_b1_m12,proved,0.008011,0.002186,93
witness,a5_b2_m12,proved,0.007793,0.002041,93
witness,a5_b3_m12,proved,0.00857,0.002215,93
witness,a5_b4_m12,proved,0.008976,0.002214,93
witness,a5_b5_m12,proved,0.008117,0.001914,93
witness,a-3_b0_m13,proved,0.009621,0.002337,98
witness,a-3_b1_m13,proved,0.009138,0.002231,98
witness,a-3_b2_m13,proved,0.008939,0.002204,98
witness,a-3_b3_m13,proved,0.009003,0.002282,98
witness,a-3_b4_m13,proved,0.010131,0.002396,98
witness,a-3_b5_m13,proved,0.009343,0.002389,98
witness,a-2_b0_m13,proved,0.008847,0.002174,98
witness,a-2_b1_m13,proved,0.023364,0.002617,98
witness,a-2_b2_m13,proved,0.009021,0.002154,98
witness,a-2_b3_m13,proved,0.008476,0.024807,98
witness,a-2_b4_m13,proved,0.009631,0.002449,98
witness,a-2_b5_m13,proved,0.008591,0.002171,98
witness,a-1_b0_m13,proved,0.083194,0.003469,98
witness,a-1_b1_m13,proved,0.009404,0.002316,98
witness,a-1_b2_m13,proved,0.00934,0.002234,98
witness,a-1_b3_m13,proved,0.008882,0.002138,98
witness,a-1_b4_m13,proved,0.009118,0.002143,98
witness,a-1_b5_m13,proved,0.023688,0.002633,98
witness,a0_b0_m13,proved,0.004311,0.002209,94
witness,a0_b1_m13,impossible,0.000719,0,0
witness,a0_b2_m13,impossible,0.000702,0,0
witness,a0_b3_m13,impossible,0.000572,0,0
witness,a0_b4_m13,impossible,0.000471,0,0
witness,a0_b5_m13,impossible,0.000503,0,0
witness,a1_b0_m13,proved,0.00871,0.002273,97
witness,a1_b1_m13,proved,0.008763,0.002142,97
witness,a1_b2_m13,proved,0.008537,0.002071,97
witness,a1_b3_m13,proved,0.008327,0.002076,97
witness,a1_b4_m13,proved,0.008361,0.002139,97
witness,a1_b5_m13,proved,0.023686,0.002341,97
witness,a2_b0_m13,proved,0.008603,0.002147,97
witness,a2_b1_m13,proved,0.008528,0.002118,97
witness,a2_b2_m13,proved,0.008439,0.002232,97
witness,a2_b3_m13,proved,0.009451,0.002503,97
witness,a2_b4_m13,proved,0.009289,0.002146,97
witness,a2_b5_m13,proved,0.008729,0.0022,97
witness,a3_b0_m13,proved,0.008487,0.002338,97
witness,a3_b1_m13,proved,0.008664,0.002219,97
witness,a3_b2_m13,proved,0.009311,0.002139,97
witness,a3_b3_m13,proved,0.023944,0.00251,97
witness,a3_b4_m13,proved,0.008859,0.00211,97
witness,a3_b5_m13,proved,0.009833,0.002123,97
witness,a4_b0_m13,proved,0.009562,0.002198,97
witness,a4_b1_m13,proved,0.008416,0.002155,97
witness,a4_b2_m13,proved,0.008559,0.002154,97
witness,a4_b3_m13,proved,0.008593,0.00218,97
witness,a4_b4_m13,proved,0.009916,0.002335,97
witness,a4_b5_m13,proved,0.0093,0.002074,97
witness,a5_b0_m13,proved,0.009127,0.002188,97
witness,a5_b1_m13,proved,0.012948,0.003718,97
witness,a5_b2_m13,proved,0.009248,0.002366,97
witness,a5_b3_m13,proved,0.008668,0.002204,97
witness,a5_b4_m13,proved,0.008747,0.002072,97
witness,a5_b5_m13,proved,0.008471,0.002238,97
witness,a-3_b0_m14,proved,0.011016,0.002878,102
witness,a-3_b1_m14,proved,0.010306,0.002562,102
witness,a-3_b2_m14,proved,0.010246,0.002336,102
witness,a-3_b3_m14,proved,0.009699,0.002305,102
witness,a-3_b4_m14,proved,0.011055,0.002606,102
witness,a-3_b5_m14,proved,0.010858,0.002456,102
witness,a-2_b0_m14,proved,0.007904,0.00233,98
witness,a-2_b1_m14,impossible,0.000786,0,0
witness,a-2_b2_m14,proved,0.00744,0.002544,98
witness,a-2_b3_m14,impossible,0.000609,0,0
witness,a-2_b4_m14,proved,0.007346,0.002313,98
witness,a-2_b5_m14,impossible,0.000647,0,0
witness,a-1_b0_m14,proved,0.009862,0.002454,102
witness,a-1_b1_m14,proved,0.010354,0.00235,102
witness,a-1_b2_m14,proved,0.010849,0.002669,102
witness,a-1_b3_m14,proved,0.010187,0.002407,102
witness,a-1_b4_m14,proved,0.011265,0.00275,102
witness,a-1_b5_m14,proved,0.010454,0.002473,102
witness,a0_b0_m14,proved,0.004417,0.002654,97
witness,a0_b1_m14,impossible,0.001623,0,0
witness,a0_b2_m14,impossible,0.000597,0,0
witness,a0_b3_m14,impossible,0.000497,0,0
witness,a0_b4_m14,impossible,0.000567,0,0
witness,a0_b5_m14,impossible,0.000517,0,0
witness,a1_b0_m14,proved,0.009815,0.002668,101
witness,a1_b1_m14,proved,0.009795,0.002247,101
witness,a1_b2_m14,proved,0.009784,0.002207,101
witness,a1_b3_m14,proved,0.009643,0.002316,101
witness,a1_b4_m14,proved,0.025955,0.002623,101
witness,a1_b5_m14,proved,0.009475,0.002338,101
witness,a2_b0_m14,proved,0.007052,0.002291,97
witness,a2_b1_m14,impossible,0.000665,0,0
witness,a2_b2_m14,proved,0.00688,0.002327,97
witness,a2_b3_m14,impossible,0.00062,0,0
witness,a2_b4_m14,proved,0.00706,0.063622,97
witness,a2_b5_m14,impossible,0.001446,0,0
witness,a3_b0_m14,proved,0.009908,0.002387,101
witness,a3_b1_m14,proved,0.010447,0.0025,101
witness,a3_b2_m14,proved,0.010355,0.002565,101
witness,a3_b3_m14,proved,0.040358,0.065783,101
witness,a3_b4_m14,proved,0.010346,0.002424,101
witness,a3_b5_m14,proved,0.010025,0.002248,101
witness,a4_b0_m14,proved,0.007601,0.002383,97
witness,a4_b1_m14,impossible,0.000712,0,0
witness,a4_b2_m14,proved,0.007113,0.002455,97
witness,a4_b3_m14,impossible,0.000653,0,0
witness,a4_b4_m14,proved,0.006775,0.002315,97
witness,a4_b5_m14,impossible,0.000566,0,0
witness,a5_b0_m14,proved,0.009693,0.002293,101
witness,a5_b1_m14,proved,0.009768,0.002237,101
witness,a5_b2_m14,proved,0.009788,0.002261,101
witness,a5_b3_m14,proved,0.011078,0.002462,101
witness,a5_b4_m14,proved,0.01352,0.002545,101
witness,a5_b5_m14,proved,0.009539,0.002269,101
witness,a-3_b0_m15,proved,0.00752,0.002639,101
witness,a-3_b1_m15,impossible,0.000887,0,0
witness,a-3_b2_m15,impossible,0.000644,0,0
witness,a-3_b3_m15,proved,0.006985,0.002548,101
witness,a-3_b4_m15,impossible,0.000769,0,0
witness,a-3_b5_m15,impossible,0.000611,0,0
witness,a-2_b0_m15,proved,0.010593,0.002579,106
witness,a-2_b1_m15,proved,0.0116,0.00289,106
witness,a-2_b2_m15,proved,0.025763,0.002728,106
witness,a-2_b3_m15,proved,0.010589,0.002407,106
witness,a-2_b4_m15,proved,0.010561,0.002445,106
witness,a-2_b5_m15,proved,0.010672,0.002419,106
witness,a-1_b0_m15,proved,0.011617,0.002779,106
witness,a-1_b1_m15,proved,0.010859,0.002569,106
witness,a-1_b2_m15,proved,0.01083,0.002538,106
witness,a-1_b3_m15,proved,0.010849,0.002501,106
witness,a-1_b4_m15,proved,0.011113,0.002441,106
witness,a-1_b5_m15,proved,0.010865,0.002455,106
witness,a0_b0_m15,proved,0.019716,0.002656,100
witness,a0_b1_m15,impossible,0.001393,0,0
witness,a0_b2_m15,impossible,0.000678,0,0
witness,a0_b3_m15,impossible,0.00058,0,0
witness,a0_b4_m15,impossible,0.0005,0,0
witness,a0_b5_m15,impossible,0.000504,0,0
witness,a1_b0_m15,proved,0.035218,0.0031,105
witness,a1_b1_m15,proved,0.010979,0.002471,105
witness,a1_b2_m15,proved,0.010883,0.002508,105
witness,a1_b3_m15,proved,0.011741,0.002847,105
witness,a1_b4_m15,proved,0.01103,0.002645,105
witness,a1_b5_m15,proved,0.010709,0.002415,105
witness,a2_b0_m15,proved,0.024988,0.002619,105
witness,a2_b1_m15,proved,0.01142,0.00261,105
witness,a2_b2_m15,proved,0.010627,0.002438,105
witness,a2_b3_m15,proved,0.010568,0.00246,105
witness,a2_b4_m15,proved,0.010484,0.002461,105
witness,a2_b5_m15,proved,0.0105,0.0023,105
witness,a3_b0_m15,proved,0.007315,0.002445,100
witness,a3_b1_m15,impossible,0.000697,0,0
witness,a3_b2_m15,impossible,0.000556,0,0
witness,a3_b3_m15,proved,0.007108,0.002517,100
witness,a3_b4_m15,impossible,0.00071,0,0
witness,a3_b5_m15,impossible,0.00053,0,0
witness,a4_b0_m15,proved,0.027239,0.002733,105
witness,a4_b1_m15,proved,0.011447,0.00266,105
witness,a4_b2_m15,proved,0.010894,0.002407,105
witness,a4_b3_m15,proved,0.01148,0.002385,105
witness,a4_b4_m15,proved,0.010681,0.002333,105
witness,a4_b5_m15,proved,0.010604,0.002478,105
witness,a5_b0_m15,proved,0.006356,0.002599,100
witness,a5_b1_m15,impossible,0.000674,0,0
witness,a5_b2_m15,impossible,0.000598,0,0
witness,a5_b3_m15,impossible,0.000483,0,0
witness,a5_b4_m15,impossible,0.000507,0,0
witness,a5_b5_m15,proved,0.005748,0.002417,100
witness,a-3_b0_m16,proved,0.012884,0.002979,110
witness,a-3_b1_m16,proved,0.011524,0.002594,110
witness,a-3_b2_m16,proved,0.01157,0.002776,110
witness,a-3_b3_m16,proved,0.01147,0.002498,110
witness,a-3_b4_m16,proved,0.012958,0.002828,110
witness,a-3_b5_m16,proved,0.011972,0.002662,110
witness,a-2_b0_m16,proved,0.008529,0.002691,104
witness,a-2_b1_m16,impossible,0.000624,0,0
witness,a-2_b2_m16,proved,0.008398,0.002743,104
witness,a-2_b3_m16,impossible,0.000653,0,0
witness,a-2_b4_m16,proved,0.008694,0.002746,104
witness,a-2_b5_m16,impossible,0.001442,0,0
witness,a-1_b0_m16,proved,0.01198,0.002955,110
witness,a-1_b1_m16,proved,0.011793,0.002534,110
witness,a-1_b2_m16,proved,0.011833,0.002573,110
witness,a-1_b3_m16,proved,0.011645,0.002676,110
witness,a-1_b4_m16,proved,0.012815,0.002961,110
witness,a-1_b5_m16,proved,0.011679,0.002649,110
witness,a0_b0_m16,proved,0.005655,0.00251,103
witness,a0_b1_m16,impossible,0.00125,0,0
witness,a0_b2_m16,impossible,0.000654,0,0
witness,a0_b3_m16,impossible,0.000752,0,0
witness,a0_b4_m16,impossible,0.014774,0,0
witness,a0_b5_m16,impossible,0.000667,0,0
witness,a1_b0_m16,proved,0.011712,0.002733,109
witness,a1_b1_m16,proved,0.01173,0.002446,109
witness,a1_b2_m16,proved,0.011319,0.002393,109
witness,a1_b3_m16,proved,0.011326,0.00238,109
witness,a1_b4_m16,proved,0.011213,0.002525,109
witness,a1_b5_m16,proved,0.011251,0.002436,109
witness,a2_b0_m16,proved,0.007909,0.002483,103
witness,a2_b1_m16,impossible,0.000658,0,0
witness,a2_b2_m16,proved,0.008157,0.002406,103
witness,a2_b3_m16,impossible,0.00062,0,0
witness,a2_b4_m16,proved,0.023046,0.002844,103
witness,a2_b5_m16,impossible,0.000625,0,0
witness,a3_b0_m16,proved,0.03408,0.002855,109
witness,a3_b1_m16,proved,0.012318,0.002806,109
witness,a3_b2_m16,proved,0.01157,0.002587,109
witness,a3_b3_m16,proved,0.011341,0.002604,109
witness,a3_b4_m16,proved,0.012402,0.002717,109
witness,a3_b5_m16,proved,0.012581,0.002619,109
witness,a4_b0_m16,proved,0.007171,0.002614,103
witness,a4_b1_m16,impossible,0.000829,0,0
witness,a4_b2_m16,impossible,0.000647,0,0
witness,a4_b3_m16,impossible,0.015903,0,0
witness,a4_b4_m16,proved,0.00711,0.002978,103
witness,a4_b5_m16,impossible,0.000671,0,0
witness,a5_b0_m16,proved,0.012703,0.002746,109
witness,a5_b1_m16,proved,0.012179,0.002558,109
witness,a5_b2_m16,proved,0.012276,0.002427,109
witness,a5_b3_m16,proved,0.012614,0.002489,109
witness,a5_b4_m16,proved,0.012391,0.00272,109
witness,a5_b5_m16,proved,0.011909,0.002582,109
witness,a-3_b0_m17,proved,0.013716,0.002671,114
witness,a-3_b1_m17,proved,0.013231,0.002718,114
witness,a-3_b2_m17,proved,0.027716,0.002951,114
witness,a-3_b3_m17,proved,0.01411,0.002672,114
witness,a-3_b4_m17,proved,0.080726,0.003456,114
witness,a-3_b5_m17,proved,0.013008,0.002582,114
witness,a-2_b0_m17,proved,0.013143,0.002848,114
witness,a-2_b1_m17,proved,0.012882,0.002698,114
witness,a-2_b2_m17,proved,0.02064,0.063166,114
witness,a-2_b3_m17,proved,0.013685,0.002887,114
witness,a-2_b4_m17,proved,0.014185,0.002929,114
witness,a-2_b5_m17,proved,0.013885,0.002587,114
witness,a-1_b0_m17,proved,0.014203,0.002883,114
witness,a-1_b1_m17,proved,0.013201,0.002672,114
witness,a-1_b2_m17,proved,0.012979,0.002605,114
witness,a-1_b3_m17,proved,0.013071,0.002918,114
witness,a-1_b4_m17,proved,0.013229,0.002596,114
witness,a-1_b5_m17,proved,0.012968,0.032363,114
witness,a0_b0_m17,proved,0.006086,0.002757,106
witness,a0_b1_m17,impossible,0.000813,0,0
witness,a0_b2_m17,impossible,0.000633,0,0
witness,a0_b3_m17,impossible,0.000591,0,0
witness,a0_b4_m17,impossible,0.000524,0,0
witness,a0_b5_m17,impossible,0.000585,0,0
witness,a1_b0_m17,proved,0.042042,0.003843,113
witness,a1_b1_m17,proved,0.013228,0.00272,113
witness,a1_b2_m17,proved,0.013334,0.002917,113
witness,a1_b3_m17,proved,0.012724,0.002549,113
witness,a1_b4_m17,proved,0.012563,0.00251,113
witness,a1_b5_m17,proved,0.012601,0.002529,113
witness,a2_b0_m17,proved,0.012526,0.002507,113
witness,a2_b1_m17,proved,0.012433,0.002686,113
witness,a2_b2_m17,proved,0.01271,0.002621,113
witness,a2_b3_m17,proved,0.012538,0.002675,113
witness,a2_b4_m17,proved,0.013646,0.002803,113
witness,a2_b5_m17,proved,0.013105,0.002469,113
witness,a3_b0_m17,proved,0.012662,0.002551,113
witness,a3_b1_m17,proved,0.012555,0.00256,113
witness,a3_b2_m17,proved,0.012712,0.002709,113
witness,a3_b3_m17,proved,0.013401,0.002891,113
witness,a3_b4_m17,proved,0.012705,0.002625,113
witness,a3_b5_m17,proved,0.01259,0.0026,113
witness,a4_b0_m17,proved,0.012461,0.002681,113
witness,a4_b1_m17,proved,0.012774,0.002743,113
witness,a4_b2_m17,proved,0.013851,0.002834,113
witness,a4_b3_m17,proved,0.013789,0.002631,113
witness,a4_b4_m17,proved,0.012478,0.00256,113
witness,a4_b5_m17,proved,0.012902,0.002592,113
witness,a5_b0_m17,proved,0.012856,0.002592,113
witness,a5_b1_m17,proved,0.013789,0.002871,113
witness,a5_b2_m17,proved,0.01303,0.002611,113
witness,a5_b3_m17,proved,0.012746,0.002512,113
witness,a5_b4_m17,proved,0.013337,0.002796,113
witness,a5_b5_m17,proved,0.030715,0.002862,113
witness,a-3_b0_m18,proved,0.009115,0.002726,110
witness,a-3_b1_m18,impossible,0.000867,0,0
witness,a-3_b2_m18,impossible,0.000618,0,0
witness,a-3_b3_m18,proved,0.008824,0.003195,110
witness,a-3_b4_m18,impossible,0.001186,0,0
witness,a-3_b5_m18,impossible,0.000681,0,0
witness,a-2_b0_m18,proved,0.010601,0.003189,110
witness,a-2_b1_m18,impossible,0.000764,0,0
witness,a-2_b2_m18,proved,0.009938,0.00286,110
witness,a-2_b3_m18,impossible,0.000577,0,0
witness,a-2_b4_m18,proved,0.009916,0.0224,110
witness,a-2_b5_m18,impossible,0.000965,0,0
witness,a-1_b0_m18,proved,0.014308,0.002982,118
witness,a-1_b1_m18,proved,0.015389,0.003013,118
witness,a-1_b2_m18,proved,0.014985,0.003033,118
witness,a-1_b3_m18,proved,0.014166,0.002891,118
witness,a-1_b4_m18,proved,0.014292,0.002822,118
witness,a-1_b5_m18,proved,0.014166,0.00276,118
witness,a0_b0_m18,proved,0.005838,0.002915,109
witness,a0_b1_m18,impossible,0.001232,0,0
witness,a0_b2_m18,impossible,0.000594,0,0
witness,a0_b3_m18,impossible,0.000579,0,0
witness,a0_b4_m18,impossible,0.000533,0,0
witness,a0_b5_m18,impossible,0.000467,0,0
witness,a1_b0_m18,proved,0.013894,0.003061,117
witness,a1_b1_m18,proved,0.014857,0.00307,117
witness,a1_b2_m18,proved,0.013703,0.002579,117
witness,a1_b3_m18,proved,0.013622,0.002776,117
witness,a1_b4_m18,proved,0.013619,0.0027,117
witness,a1_b5_m18,proved,0.013588,0.002755,117
witness,a2_b0_m18,proved,0.010207,0.002792,109
witness,a2_b1_m18,impossible,0.000782,0,0
witness,a2_b2_m18,proved,0.009443,0.002709,109
witness,a2_b3_m18,impossible,0.000649,0,0
witness,a2_b4_m18,proved,0.009417,0.002547,109
witness,a2_b5_m18,impossible,0.000808,0,0
witness,a3_b0_m18,proved,0.023044,0.003051,109
witness,a3_b1_m18,impossible,0.000823,0,0
witness,a3_b2_m18,impossible,0.000571,0,0
witness,a3_b3_m18,proved,0.008114,0.002771,109
witness,a3_b4_m18,impossible,0.000595,0,0
witness,a3_b5_m18,impossible,0.000582,0,0
witness,a4_b0_m18,proved,0.009485,0.002829,109
witness,a4_b1_m18,impossible,0.000639,0,0
witness,a4_b2_m18,proved,0.009553,0.00277,109
witness,a4_b3_m18,impossible,0.000622,0,0
witness,a4_b4_m18,proved,0.009562,0.002786,109
witness,a4_b5_m18,impossible,0.001122,0,0
witness,a5_b0_m18,proved,0.014199,0.002991,117
witness,a5_b1_m18,proved,0.028698,0.002918,117
witness,a5_b2_m18,proved,0.013768,0.002636,117
witness,a5_b3_m18,proved,0.013821,0.002746,117
witness,a5_b4_m18,proved,0.08835,0.002937,117
witness,a5_b5_m18,proved,0.01445,0.002617,117
witness,a-3_b0_m19,proved,0.015634,0.003033,122
witness,a-3_b1_m19,proved,0.015837,0.003186,122
witness,a-3_b2_m19,proved,0.015932,0.00298,122
witness,a-3_b3_m19,proved,0.047124,0.003596,122
witness,a-3_b4_m19,proved,0.015296,0.003335,122
witness,a-3_b5_m19,proved,0.031787,0.003368,122
witness,a-2_b0_m19,proved,0.01542,0.002967,122
witness,a-2_b1_m19,proved,0.014886,0.003043,122
witness,a-2_b2_m19,proved,0.0158,0.003558,122
witness,a-2_b3_m19,proved,0.015637,0.003067,122
witness,a-2_b4_m19,proved,0.015839,0.003008,122
witness,a-2_b5_m19,proved,0.015035,0.002846,122
witness,a-1_b0_m19,proved,0.016892,0.003068,122
witness,a-1_b1_m19,proved,0.015388,0.002847,122
witness,a-1_b2_m19,proved,0.016392,0.003023,122
witness,a-1_b3_m19,proved,0.0167,0.003143,122
witness,a-1_b4_m19,proved,0.015583,0.002979,122
witness,a-1_b5_m19,proved,0.015313,0.002862,122
witness,a0_b0_m19,proved,0.005539,0.002794,112
witness,a0_b1_m19,impossible,0.000727,0,0
witness,a0_b2_m19,impossible,0.000602,0,0
witness,a0_b3_m19,impossible,0.000558,0,0
witness,a0_b4_m19,impossible,0.000554,0,0
witness,a0_b5_m19,impossible,0.001337,0,0
witness,a1_b0_m19,proved,0.015456,0.003618,121
witness,a1_b1_m19,proved,0.015896,0.003349,121
witness,a1_b2_m19,proved,0.015092,0.002742,121
witness,a1_b3_m19,proved,0.03009,0.003229,121
witness,a1_b4_m19,proved,0.02997,0.003123,121
witness,a1_b5_m19,proved,0.015131,0.002697,121
witness,a2_b0_m19,proved,0.014708,0.003146,121
witness,a2_b1_m19,proved,0.016498,0.003027,121
witness,a2_b2_m19,proved,0.015382,0.002688,121
witness,a2_b3_m19,proved,0.01536,0.002872,121
witness,a2_b4_m19,proved,0.015159,0.002818,121
witness,a2_b5_m19,proved,0.015508,0.002867,121
witness,a3_b0_m19,proved,0.015525,0.003002,121
witness,a3_b1_m19,proved,0.016122,0.002915,121
witness,a3_b2_m19,proved,0.014886,0.002688,121
witness,a3_b3_m19,proved,0.014681,0.002923,121
witness,a3_b4_m19,proved,0.014806,0.019985,121
witness,a3_b5_m19,proved,0.015628,0.002954,121
witness,a4_b0_m19,proved,0.015607,0.00276,121
witness,a4_b1_m19,proved,0.083121,0.003376,121
witness,a4_b2_m19,proved,0.015643,0.002807,121
witness,a4_b3_m19,proved,0.016266,0.002865,121
witness,a4_b4_m19,proved,0.015052,0.002703,121
witness,a4_b5_m19,proved,0.016128,0.002998,121
witness,a5_b0_m19,proved,0.015518,0.002771,121
witness,a5_b1_m19,proved,0.015637,0.003103,121
witness,a5_b2_m19,proved,0.015222,0.002753,121
witness,a5_b3_m19,proved,0.014991,0.002812,121
witness,a5_b4_m19,proved,0.015107,0.003007,121
witness,a5_b5_m19,proved,0.014976,0.002801,121
witness,a-3_b0_m20,proved,0.016864,0.00325,126
witness,a-3_b1_m20,proved,0.016712,0.003068,126
witness,a-3_b2_m20,proved,0.039294,0.003325,126
witness,a-3_b3_m20,proved,0.016627,0.003067,126
witness,a-3_b4_m20,proved,0.016566,0.002923,126
witness,a-3_b5_m20,proved,0.016324,0.003062,126
witness,a-2_b0_m20,proved,0.011469,0.003082,116
witness,a-2_b1_m20,impossible,0.000819,0,0
witness,a-2_b2_m20,proved,0.01186,0.003029,116
witness,a-2_b3_m20,impossible,0.001141,0,0
witness,a-2_b4_m20,proved,0.011552,0.003306,116
witness,a-2_b5_m20,impossible,0.001241,0,0
witness,a-1_b0_m20,proved,0.016441,0.003246,126
witness,a-1_b1_m20,proved,0.016455,0.002981,126
witness,a-1_b2_m20,proved,0.017753,0.003216,126
witness,a-1_b3_m20,proved,0.016693,0.003047,126
witness,a-1_b4_m20,proved,0.016474,0.002944,126
witness,a-1_b5_m20,proved,0.016802,0.003065,126
witness,a0_b0_m20,proved,0.005885,0.00286,115
witness,a0_b1_m20,impossible,0.001314,0,0
witness,a0_b2_m20,impossible,0.000603,0,0
witness,a0_b3_m20,impossible,0.000556,0,0
witness,a0_b4_m20,impossible,0.000521,0,0
witness,a0_b5_m20,impossible,0.000527,0,0
witness,a1_b0_m20,proved,0.016497,0.003174,125
witness,a1_b1_m20,proved,0.017215,0.003063,125
witness,a1_b2_m20,proved,0.017451,0.003014,125
witness,a1_b3_m20,proved,0.016246,0.002881,125
witness,a1_b4_m20,proved,0.016345,0.002805,125
witness,a1_b5_m20,proved,0.016131,0.002879,125
witness,a2_b0_m20,proved,0.010959,0.002821,115
witness,a2_b1_m20,impossible,0.000678,0,0
witness,a2_b2_m20,proved,0.0113,0.002965,115
witness,a2_b3_m20,impossible,0.000623,0,0
witness,a2_b4_m20,proved,0.011112,0.002851,115
witness,a2_b5_m20,impossible,0.000614,0,0
witness,a3_b0_m20,proved,0.022939,0.143613,125
witness,a3_b1_m20,proved,0.034723,0.003261,125
witness,a3_b2_m20,proved,0.016175,0.002863,125
witness,a3_b3_m20,proved,0.016009,0.003081,125
witness,a3_b4_m20,proved,0.01711,0.003152,125
witness,a3_b5_m20,proved,0.016082,0.002888,125
witness,a4_b0_m20,proved,0.00873,0.002886,115
witness,a4_b1_m20,impossible,0.00087,0,0
witness,a4_b2_m20,impossible,0.000568,0,0
witness,a4_b3_m20,impossible,0.000541,0,0
witness,a4_b4_m20,proved,0.008119,0.002937,115
witness,a4_b5_m20,impossible,0.000551,0,0
witness,a5_b0_m20,proved,0.007575,0.002996,115
witness,a5_b1_m20,impossible,0.001528,0,0
witness,a5_b2_m20,impossible,0.000717,0,0
witness,a5_b3_m20,impossible,0.000608,0,0
witness,a5_b4_m20,impossible,0.000572,0,0
witness,a5_b5_m20,proved,0.008009,0.003095,115
