name,family,outcome,proposal_call_seconds,check_seconds,certificate_bytes
segment-0,integral_coordinates,homology,0.002867439000056038,0.0005813749999106221,909
boundary-0,cycle_filling,fill,0.0023338250000506378,6.547899988618155e-05,60
cycle-0,cycle_classification,obstruction,0.0021467930000653723,0.00019992099987575784,79
induced-scale-0,induced_maps,induced,0.004445374999932028,0.0012591360000442364,1957
induced-basis-0,induced_maps,induced,0.005416098000068814,0.0012948300000061863,1951
segment-1,integral_coordinates,homology,0.0011431519999405282,0.00020223499996063765,582
boundary-1,cycle_filling,fill,0.0010500319999664498,4.5428000021274784e-05,50
cycle-1,cycle_classification,obstruction,0.0012680700001510559,4.329499984123686e-05,75
induced-scale-1,induced_maps,induced,0.0020974090000436263,0.00043680799990397645,1271
induced-basis-1,induced_maps,induced,0.0021362269999372074,0.0004856110001583147,1278
segment-2,integral_coordinates,homology,0.0010367810000389,0.00019425300001785217,566
boundary-2,cycle_filling,fill,0.001004822999902899,3.385099989827722e-05,54
cycle-2,cycle_classification,fill,0.0011704030000601051,3.491200004646089e-05,56
induced-scale-2,induced_maps,induced,0.0019164969999110326,0.00041473500004940433,1239
induced-basis-2,induced_maps,induced,0.0018038570001408516,0.0005055409999386029,1232
segment-3,integral_coordinates,homology,0.0007501600000523467,0.00016742200000408047,532
boundary-3,cycle_filling,fill,0.0008131049999064999,3.0656000035378383e-05,49
cycle-3,cycle_classification,obstruction,0.0007519920000049751,3.332999995109276e-05,77
induced-scale-3,induced_maps,induced,0.001556793999952788,0.0003511990000788501,1174
induced-basis-3,induced_maps,induced,0.0014870600000449485,0.00044749299991053704,1176
segment-4,integral_coordinates,homology,0.0013130680001722794,0.00028012200004923216,705
boundary-4,cycle_filling,fill,0.0014204999999947177,5.436199990072055e-05,59
cycle-4,cycle_classification,obstruction,0.0013559919998442638,5.7507000065015745e-05,76
induced-scale-4,induced_maps,induced,0.0027741580001929833,0.0006511109997973108,1502
induced-basis-4,induced_maps,induced,0.002712015000042811,0.0006786020001072757,1508
segment-5,integral_coordinates,homology,0.0014303650000329071,0.00026319599987800757,641
boundary-5,cycle_filling,fill,0.0016517879998900753,4.196300005787634e-05,60
cycle-5,cycle_classification,obstruction,0.0012513950000538898,6.503800000245974e-05,76
induced-scale-5,induced_maps,induced,0.002380245000040304,0.0006667039999683766,1389
induced-basis-5,induced_maps,induced,0.002439885000057984,0.0006247510000321199,1394
segment-6,integral_coordinates,homology,0.0008224690000133705,0.00019329099995957222,548
boundary-6,cycle_filling,fill,0.0009433610000542103,3.6375000036059646e-05,52
cycle-6,cycle_classification,obstruction,0.0008821989999887592,3.99400000787864e-05,73
induced-scale-6,induced_maps,induced,0.0016718980000405281,0.0003665819999696396,1195
induced-basis-6,induced_maps,induced,0.0017118189998654998,0.00039657699994677387,1196
segment-7,integral_coordinates,homology,0.0007399240000722784,0.0001696760000413633,550
boundary-7,cycle_filling,fill,0.0008227490000081161,3.3471000051576993e-05,58
cycle-7,cycle_classification,obstruction,0.0007632500000909204,3.519300003063108e-05,71
induced-scale-7,induced_maps,induced,0.0014929279998341372,0.0003868730000249343,1192
induced-basis-7,induced_maps,induced,0.0017424040001969843,0.0004144239999277488,1192
segment-8,integral_coordinates,homology,0.0003664719999960653,9.571399982633011e-05,456
boundary-8,cycle_filling,fill,0.00040155500005312206,2.3364999833574984e-05,49
cycle-8,cycle_classification,fill,0.00039670799992563843,2.3745000135022565e-05,49
induced-scale-8,induced_maps,induced,0.0007459130001734593,0.0001872119999006827,1002
induced-basis-8,induced_maps,induced,0.0007059729998672992,0.00018878400010180485,1002
segment-9,integral_coordinates,homology,0.0006043299999873852,0.00011597499997151317,491
boundary-9,cycle_filling,fill,0.0005843700000696117,3.182799991918728e-05,52
cycle-9,cycle_classification,fill,0.0005798329998469853,3.112700005658553e-05,52
induced-scale-9,induced_maps,induced,0.0012477390000640298,0.00024858400001903647,1072
induced-basis-9,induced_maps,induced,0.0011011090000465629,0.0002625649999572488,1064
segment-10,integral_coordinates,homology,0.00036600099997485813,9.901899989017693e-05,450
boundary-10,cycle_filling,fill,0.0003807130001405312,2.456699985486921e-05,52
cycle-10,cycle_classification,fill,0.0003887650000251597,2.394600005573011e-05,52
induced-scale-10,induced_maps,induced,0.0006975609999244625,0.0001876520000223536,990
induced-basis-10,induced_maps,induced,0.0006821669999226287,0.00021328100001483108,990
segment-11,integral_coordinates,homology,0.0005450109999856068,0.00011072699999203905,467
boundary-11,cycle_filling,fill,0.0005579099999977188,2.8813000199079397e-05,50
cycle-11,cycle_classification,fill,0.0006052920000456652,2.961399991363578e-05,50
induced-scale-11,induced_maps,induced,0.0010426700000607525,0.00022093300003689365,1024
induced-basis-11,induced_maps,induced,0.0010565909999513678,0.00024654200001350546,1023
segment-12,integral_coordinates,homology,0.0015046759999677306,0.00048332799997297116,798
boundary-12,cycle_filling,fill,0.001590366000073118,4.831299997931637e-05,58
cycle-12,cycle_classification,obstruction,0.001594851999925595,5.1216999963799026e-05,79
induced-scale-12,induced_maps,induced,0.003853224000067712,0.0011861159998716175,1740
induced-basis-12,induced_maps,induced,0.0031578660000377567,0.0010705130000587815,1742
segment-13,integral_coordinates,homology,0.0009359400000903406,0.00022246499997891078,602
boundary-13,cycle_filling,fill,0.0010811580000336107,4.059200000483543e-05,58
cycle-13,cycle_classification,obstruction,0.0009100810000290949,4.051099995194818e-05,71
induced-scale-13,induced_maps,induced,0.002220925000074203,0.00045075899993207713,1295
induced-basis-13,induced_maps,induced,0.001877167999964513,0.0004826959998354141,1296
segment-14,integral_coordinates,homology,0.001371064999830196,0.0002998320001097454,718
boundary-14,cycle_filling,fill,0.001501800999903935,3.771699994103983e-05,60
cycle-14,cycle_classification,obstruction,0.001246266999942236,3.9308999930653954e-05,79
induced-scale-14,induced_maps,induced,0.002692495000019335,0.0006962190000194823,1557
induced-basis-14,induced_maps,induced,0.002528739000126734,0.0006880959999762126,1536
segment-15,integral_coordinates,homology,0.0007201739999800338,0.00015651600006094668,527
boundary-15,cycle_filling,fill,0.0007546870001533534,3.125699981865182e-05,49
cycle-15,cycle_classification,obstruction,0.0007680769999751647,3.50120001257892e-05,73
induced-scale-15,induced_maps,induced,0.0014062579998608271,0.0003227960000913299,1151
induced-basis-15,induced_maps,induced,0.0015389679999771033,0.0003114889998414583,1153
segment-16,integral_coordinates,homology,0.0012990360000912915,0.00027720799994312983,643
boundary-16,cycle_filling,fill,0.0013038439999490947,7.523299996137212e-05,54
cycle-16,cycle_classification,obstruction,0.001315260999945167,4.5960000079503516e-05,78
induced-scale-16,induced_maps,induced,0.0024826090000260592,0.0006383209999967221,1407
induced-basis-16,induced_maps,induced,0.003390446000139491,0.0007051820000469888,1411
segment-17,integral_coordinates,homology,0.0010775030000331753,0.00019970999983343063,551
boundary-17,cycle_filling,fill,0.0009072169998489699,3.5863999983121175e-05,53
cycle-17,cycle_classification,fill,0.0008620279998012847,3.400100013095653e-05,53
induced-scale-17,induced_maps,induced,0.0015734799999336246,0.0003419649999614194,1193
induced-basis-17,induced_maps,induced,0.0015821030001461622,0.0003732019999915792,1192
segment-18,integral_coordinates,homology,0.0004338930000358232,9.827799999584386e-05,445
boundary-18,cycle_filling,fill,0.00044298800003161887,2.7179999960935675e-05,49
cycle-18,cycle_classification,fill,0.0004406030000154715,2.6801000103660044e-05,49
induced-scale-18,induced_maps,induced,0.0008390739999413199,0.00019553399988581077,980
induced-basis-18,induced_maps,induced,0.0008520629999111407,0.00018985599990628543,978
segment-19,integral_coordinates,homology,0.0005828979999478179,0.0001581080000505608,518
boundary-19,cycle_filling,fill,0.0006233290000636771,2.8743000029862742e-05,54
cycle-19,cycle_classification,fill,0.0005976899999495799,2.944399989246449e-05,54
induced-scale-19,induced_maps,induced,0.00119701299990993,0.0002701270000216027,1126
induced-basis-19,induced_maps,induced,0.0010947390001092572,0.00027847899991684244,1126
segment-20,integral_coordinates,homology,0.0009094800000184478,0.00021308099985617446,575
boundary-20,cycle_filling,fill,0.0009295099998780643,3.345100003571133e-05,56
cycle-20,cycle_classification,obstruction,0.0009280879999096214,3.6614999999073916e-05,75
induced-scale-20,induced_maps,induced,0.0017919289998644672,0.00047968200010473083,1257
induced-basis-20,induced_maps,induced,0.001801963999923828,0.0006579509999937727,1257
segment-21,integral_coordinates,homology,0.0012733679998291336,0.00026298600005247863,613
boundary-21,cycle_filling,fill,0.001316051999992851,4.656999999497202e-05,56
cycle-21,cycle_classification,obstruction,0.001155019999941942,4.818200000045181e-05,77
induced-scale-21,induced_maps,induced,0.002311010999846985,0.0005580600000030245,1325
induced-basis-21,induced_maps,induced,0.0022128930002054403,0.000561024999797155,1318
segment-22,integral_coordinates,homology,0.0011998780000794795,0.000309545999925831,668
boundary-22,cycle_filling,fill,0.001237903999935952,3.82279999939783e-05,53
cycle-22,cycle_classification,obstruction,0.0012008280000372906,4.07120001000294e-05,79
induced-scale-22,induced_maps,induced,0.004246946999955981,0.0010241130000849807,1480
induced-basis-22,induced_maps,induced,0.002560035999977117,0.0007114719999208319,1486
segment-23,integral_coordinates,homology,0.0010976430000937398,0.00022045199989406683,625
boundary-23,cycle_filling,fill,0.0012903130000267993,4.1732999989108066e-05,51
cycle-23,cycle_classification,obstruction,0.0011363820001406566,4.2042999893965316e-05,79
induced-scale-23,induced_maps,induced,0.0022674240001379076,0.000507183999843619,1347
induced-basis-23,induced_maps,induced,0.0023324930000399036,0.0006478259999767033,1336
segment-24,integral_coordinates,homology,0.0005315309999787132,0.00018033200012723682,490
boundary-24,cycle_filling,fill,0.0006329029999960767,2.9775000029985677e-05,54
cycle-24,cycle_classification,fill,0.0005530529999759892,2.8393000093274168e-05,54
segment-25,integral_coordinates,homology,0.0004373790000045119,0.00010452700007590465,484
boundary-25,cycle_filling,fill,0.000465041000097699,2.4365999934161664e-05,49
cycle-25,cycle_classification,fill,0.0005076639999970212,2.6189999971393263e-05,49
segment-26,integral_coordinates,homology,0.0004155459998855804,9.596400013833772e-05,458
boundary-26,cycle_filling,fill,0.00043067799992968503,2.46179999976448e-05,50
cycle-26,cycle_classification,fill,0.0004281450001144549,2.4056000029304414e-05,50
segment-27,integral_coordinates,homology,0.000629138000022067,0.000141802999905849,534
boundary-27,cycle_filling,fill,0.00068329900000208,3.0255999945438816e-05,58
cycle-27,cycle_classification,fill,0.0005875749998267565,2.659000006133283e-05,58
segment-28,integral_coordinates,homology,0.0009957400000075722,0.00030303599987746566,629
boundary-28,cycle_filling,fill,0.0009907819999170897,3.0246000051192823e-05,50
cycle-28,cycle_classification,obstruction,0.0009419190000699018,3.2569000040894025e-05,79
segment-29,integral_coordinates,homology,0.0013484010000865965,0.0003613740000218968,714
boundary-29,cycle_filling,fill,0.0014861879999443772,4.427700014275615e-05,54
cycle-29,cycle_classification,obstruction,0.0013482710000971565,4.596899998432491e-05,79
segment-30,integral_coordinates,homology,0.001486558999886256,0.0003186500000538217,726
boundary-30,cycle_filling,fill,0.001677577000009478,7.232899997688946e-05,63
cycle-30,cycle_classification,obstruction,0.0014666990000478108,5.3270999842425226e-05,81
segment-31,integral_coordinates,homology,0.0005583610000030603,0.00011663500004033267,482
boundary-31,cycle_filling,fill,0.0005870840000170574,2.986499998769432e-05,52
cycle-31,cycle_classification,fill,0.0006450719999975263,3.444100002525374e-05,52
segment-32,integral_coordinates,homology,0.0014291829998001049,0.00034141400010412326,738
boundary-32,cycle_filling,fill,0.0015886129999671539,5.84680001338711e-05,58
cycle-32,cycle_classification,obstruction,0.0017118480000135605,6.148199986455438e-05,77
segment-33,integral_coordinates,homology,0.0003053290001844289,0.00011831899996650463,436
boundary-33,cycle_filling,fill,0.0003673940000226139,2.394600005573011e-05,49
cycle-33,cycle_classification,fill,0.0003349940000134666,2.280400008203287e-05,49
segment-34,integral_coordinates,homology,0.0007754680000289227,0.0001237659998878371,488
boundary-34,cycle_filling,fill,0.0007348760000240873,3.241899980821472e-05,49
cycle-34,cycle_classification,obstruction,0.0006875159999708558,3.265899999860267e-05,73
segment-35,integral_coordinates,homology,0.0008912120001696167,0.0001848489998792502,568
boundary-35,cycle_filling,fill,0.0009453640000174346,3.96689999888622e-05,54
cycle-35,cycle_classification,fill,0.000926385999946433,3.9189000062833657e-05,54
segment-36,integral_coordinates,homology,0.0008624390000022686,0.00018365699997957563,540
boundary-36,cycle_filling,fill,0.0010417290000077628,3.541399996720429e-05,54
cycle-36,cycle_classification,obstruction,0.0009315030001744162,3.957999979320448e-05,73
segment-37,integral_coordinates,homology,0.0006139150000308291,0.00015151799993873283,554
boundary-37,cycle_filling,fill,0.0006622569999308325,2.9054000151518267e-05,58
cycle-37,cycle_classification,fill,0.0006586919998881058,2.9224000172689557e-05,58
segment-38,integral_coordinates,homology,0.000928548000047158,0.00016598000001977198,550
boundary-38,cycle_filling,fill,0.0009411769999587705,3.8657999994029524e-05,56
cycle-38,cycle_classification,fill,0.0009115830000610003,3.5923999803344486e-05,52
segment-39,integral_coordinates,homology,0.0010966019999614218,0.00021272999993016128,582
boundary-39,cycle_filling,fill,0.0011403480000353738,4.001000002062938e-05,52
cycle-39,cycle_classification,obstruction,0.0011226710000755702,4.1813000052570715e-05,78
segment-40,integral_coordinates,homology,0.0007602149999001995,0.0002159150001261878,557
boundary-40,cycle_filling,fill,0.0008666059998176934,3.080600004068401e-05,51
cycle-40,cycle_classification,obstruction,0.0008180520001133118,3.215899982933479e-05,77
segment-41,integral_coordinates,homology,0.0005565080000451417,0.00012319500001467532,471
boundary-41,cycle_filling,fill,0.0005929930000547756,2.8752999924108735e-05,49
cycle-41,cycle_classification,obstruction,0.0005460630000015954,2.8853000003437046e-05,73
segment-42,integral_coordinates,homology,0.0015100850000635546,0.000427863999902911,778
boundary-42,cycle_filling,fill,0.0016537809999590536,4.6180000026652124e-05,59
cycle-42,cycle_classification,obstruction,0.0015871709999828454,4.708100004791049e-05,80
segment-43,integral_coordinates,homology,0.002125711999951818,0.0004265430000032211,811
boundary-43,cycle_filling,fill,0.0019566070000109903,6.409700017684372e-05,57
cycle-43,cycle_classification,obstruction,0.0018733409999640571,6.558899985975586e-05,79
segment-44,integral_coordinates,homology,0.0010835110001607973,0.00026382799978819094,644
boundary-44,cycle_filling,fill,0.0011376929999187269,4.47079999048583e-05,58
cycle-44,cycle_classification,obstruction,0.0011022300000149698,4.5379000084722065e-05,73
segment-45,integral_coordinates,homology,0.0006399429998964479,0.00014440800009651866,546
boundary-45,cycle_filling,fill,0.0006463439999606635,2.8682999982265756e-05,56
cycle-45,cycle_classification,fill,0.0006409359998542641,2.9563999987658462e-05,56
segment-46,integral_coordinates,homology,0.0006909510000241426,0.0001243169999725069,491
boundary-46,cycle_filling,fill,0.000725994000049468,3.058599986616173e-05,49
cycle-46,cycle_classification,obstruction,0.0007186929999534186,3.328000002511544e-05,74
segment-47,integral_coordinates,homology,0.0007873560000462021,0.0002084540001305868,594
boundary-47,cycle_filling,fill,0.0009074170000076265,4.073099989909679e-05,56
cycle-47,cycle_classification,fill,0.0008590340000864671,3.765700012081652e-05,56
segment-48,integral_coordinates,homology,0.0015300239999760379,0.0003727120001713047,744
boundary-48,cycle_filling,fill,0.001774632999968162,4.888300009042723e-05,63
cycle-48,cycle_classification,obstruction,0.0018347930001709756,5.2630000027420465e-05,77
segment-49,integral_coordinates,homology,0.0014909050000824209,0.0011514039999838133,721
boundary-49,cycle_filling,fill,0.0021068930000183173,6.175300018185226e-05,57
cycle-49,cycle_classification,obstruction,0.0023443600000518927,6.255500011320692e-05,78
segment-50,integral_coordinates,homology,0.0005329630000687757,0.00014939499988031457,490
boundary-50,cycle_filling,fill,0.0006738049999057694,2.8012000029775663e-05,49
cycle-50,cycle_classification,obstruction,0.0006122419999883277,2.9054000151518267e-05,75
segment-51,integral_coordinates,homology,0.0013957020000816556,0.00032234499985861476,712
boundary-51,cycle_filling,fill,0.001498827999967034,5.1116999884470715e-05,56
cycle-51,cycle_classification,obstruction,0.0014214909999736847,5.4732999842599384e-05,79
segment-52,integral_coordinates,homology,0.0016577170001710329,0.0003648089998478099,757
boundary-52,cycle_filling,fill,0.001991149000104997,8.459700006824278e-05,57
cycle-52,cycle_classification,obstruction,0.0016768759999195026,6.0712000049534254e-05,78
segment-53,integral_coordinates,homology,0.0012803179999991698,0.00024173399992832856,617
boundary-53,cycle_filling,fill,0.0011601569999584171,3.828800004157529e-05,49
cycle-53,cycle_classification,obstruction,0.0010724260000642971,3.829699994639668e-05,79
segment-54,integral_coordinates,homology,0.0012184349998278776,0.0003025460000571911,668
boundary-54,cycle_filling,fill,0.0013084100000924082,4.349599998931808e-05,56
cycle-54,cycle_classification,obstruction,0.0012719649998871319,4.3656000116243376e-05,77
segment-55,integral_coordinates,homology,0.00036661199987975124,9.220900005857402e-05,456
boundary-55,cycle_filling,fill,0.00040648200001669466,2.302500001860608e-05,54
cycle-55,cycle_classification,fill,0.00038574100017285673,2.0720999827972264e-05,54
segment-56,integral_coordinates,homology,0.0012418800001796626,0.00028311599999142345,637
boundary-56,cycle_filling,fill,0.0013789669999368925,4.61390000054962e-05,55
cycle-56,cycle_classification,obstruction,0.001316441999961171,4.7512000037386315e-05,77
segment-57,integral_coordinates,homology,0.00044312699992588023,9.62050000907766e-05,443
boundary-57,cycle_filling,fill,0.0004615650000232563,2.8582999902937445e-05,49
cycle-57,cycle_classification,obstruction,0.0004340839998349111,2.6911000077234348e-05,71
segment-58,integral_coordinates,homology,0.0008187639998595841,0.00015902900008768484,532
boundary-58,cycle_filling,fill,0.0008397050000894524,3.382099998816557e-05,50
cycle-58,cycle_classification,obstruction,0.0008045909999054857,3.549400003066694e-05,73
segment-59,integral_coordinates,homology,0.00045413399993776693,9.646600005908113e-05,456
boundary-59,cycle_filling,fill,0.00044361799996295304,2.3875999886513455e-05,54
cycle-59,cycle_classification,fill,0.00039734899996801687,2.1262000018396066e-05,54
segment-60,integral_coordinates,homology,0.0007503809999889199,0.00017267999987780058,550
boundary-60,cycle_filling,fill,0.0008179920000657148,3.3550999887665967e-05,58
cycle-60,cycle_classification,obstruction,0.000809109000101671,3.647499988801428e-05,71
segment-61,integral_coordinates,homology,0.001438997999912317,0.00026257500007886847,668
boundary-61,cycle_filling,fill,0.0013877409999167867,4.849300012210733e-05,52
cycle-61,cycle_classification,obstruction,0.0013313150000158203,5.0465999947846285e-05,78
segment-62,integral_coordinates,homology,0.0007367189998603862,0.00014540899996973167,529
boundary-62,cycle_filling,fill,0.0007547560001057718,3.514299987728009e-05,56
cycle-62,cycle_classification,fill,0.0007253819999277766,3.386100001989689e-05,56
segment-63,integral_coordinates,homology,0.0018704069998420891,0.0004114200000913115,844
boundary-63,cycle_filling,fill,0.001901253999903929,8.32550001632626e-05,59
cycle-63,cycle_classification,obstruction,0.0018372370000179217,5.939899983786745e-05,78
segment-64,integral_coordinates,homology,0.0006664340000952507,0.00014315599992187344,513
boundary-64,cycle_filling,fill,0.0007873160000144708,3.0356000024767127e-05,59
cycle-64,cycle_classification,obstruction,0.0006976409999879252,3.3741000152076595e-05,75
segment-65,integral_coordinates,homology,0.0010415189999548602,0.0002544429999034037,630
boundary-65,cycle_filling,fill,0.0011991369999577728,3.496199997243821e-05,59
cycle-65,cycle_classification,obstruction,0.0010978940001677984,3.7245999919832684e-05,75
segment-66,integral_coordinates,homology,0.0010394759999599046,0.0002494960001513391,627
boundary-66,cycle_filling,fill,0.0011239430000387074,4.579899996315362e-05,56
cycle-66,cycle_classification,fill,0.0011015889999725914,4.4557000137501745e-05,57
segment-67,integral_coordinates,homology,0.0011036629998670833,0.0002382180000495282,675
boundary-67,cycle_filling,fill,0.0011002270000517456,4.9335000085193315e-05,58
cycle-67,cycle_classification,fill,0.001086956999870381,4.968500002178189e-05,58
segment-68,integral_coordinates,homology,0.0011884699999882287,0.0002898960001402884,652
boundary-68,cycle_filling,fill,0.0014356720000705536,4.179300003670505e-05,56
cycle-68,cycle_classification,obstruction,0.0019679039999118686,4.7712000196042936e-05,77
segment-69,integral_coordinates,homology,0.0008345359999566426,0.00018779300012283784,523
boundary-69,cycle_filling,fill,0.0008879370000158815,3.0336000008901465e-05,54
cycle-69,cycle_classification,obstruction,0.0008209560000977945,3.192799999851559e-05,76
segment-70,integral_coordinates,homology,0.0011181940001279145,0.0002095659999667987,613
boundary-70,cycle_filling,fill,0.0011421100000461593,4.480699999476201e-05,56
cycle-70,cycle_classification,obstruction,0.0011120350000055623,4.726100019070145e-05,75
segment-71,integral_coordinates,homology,0.0010539380000409437,0.00023226899998007866,662
boundary-71,cycle_filling,fill,0.0011077890001160995,5.058600004304026e-05,58
cycle-71,cycle_classification,fill,0.0013082509999549075,4.9303999958283384e-05,58
segment-72,integral_coordinates,homology,0.0004891270000371151,0.00011845900007756427,498
boundary-72,cycle_filling,fill,0.0005316809999840189,2.7440999929240206e-05,56
cycle-72,cycle_classification,fill,0.0005274949999147793,2.639900003487128e-05,56
segment-73,integral_coordinates,homology,0.0004883450001216261,0.00010962499982269946,455
boundary-73,cycle_filling,fill,0.0005234889999883308,2.66000001829525e-05,50
cycle-73,cycle_classification,obstruction,0.00048045300013654924,2.8462999807743472e-05,73
segment-74,integral_coordinates,homology,0.000880155000004379,0.00026686199998948723,629
boundary-74,cycle_filling,fill,0.0009721940000417817,3.125699981865182e-05,50
cycle-74,cycle_classification,obstruction,0.0009598760000244511,3.334999996695842e-05,79
segment-75,integral_coordinates,homology,0.0013756519999787997,0.0002963660001569224,693
boundary-75,cycle_filling,fill,0.0014750409998214309,4.972500005351321e-05,53
cycle-75,cycle_classification,obstruction,0.0014205990000846214,5.157799978405819e-05,78
segment-76,integral_coordinates,homology,0.0016293339999720047,0.0003790109999499691,777
boundary-76,cycle_filling,fill,0.0017534209998757433,6.108200000198849e-05,58
cycle-76,cycle_classification,obstruction,0.0016934000000219385,6.430700000237266e-05,82
segment-77,integral_coordinates,homology,0.001079666000123325,0.00024522899980183865,619
boundary-77,cycle_filling,fill,0.0011126959998364327,3.331000016260077e-05,58
cycle-77,cycle_classification,obstruction,0.0010974429999350832,3.691599999910977e-05,76
segment-78,integral_coordinates,homology,0.0011420200000884506,0.0002420840000922908,626
boundary-78,cycle_filling,fill,0.0012096919999748934,4.216299998915929e-05,54
cycle-78,cycle_classification,obstruction,0.0012010790001113492,4.612899988387653e-05,75
segment-79,integral_coordinates,homology,0.0005325920001268969,0.00010887399980674672,469
boundary-79,cycle_filling,fill,0.0007527239999944868,3.4482000046409667e-05,50
cycle-79,cycle_classification,fill,0.0006269739999424928,3.210899990335747e-05,50
segment-80,integral_coordinates,homology,0.0006862140000976069,0.00017595500003153575,536
boundary-80,cycle_filling,fill,0.000769158000139214,3.151800001433003e-05,58
cycle-80,cycle_classification,obstruction,0.0008278870000140159,3.643399986685836e-05,71
segment-81,integral_coordinates,homology,0.0005146860000877496,0.00013069600004200765,520
boundary-81,cycle_filling,fill,0.0005169080000086979,4.1301999999632244e-05,49
cycle-81,cycle_classification,fill,0.0005041289998644061,2.377600003455882e-05,49
segment-82,integral_coordinates,homology,0.0007751180000923341,0.00017068700003619597,553
boundary-82,cycle_filling,fill,0.0008241120001457602,3.674499998851388e-05,52
cycle-82,cycle_classification,fill,0.0007803149999290326,3.5553000088839326e-05,52
segment-83,integral_coordinates,homology,0.0014084310000725964,0.00027719800004888384,675
boundary-83,cycle_filling,fill,0.0013366329999371374,5.0426000143488636e-05,58
cycle-83,cycle_classification,obstruction,0.0013171840000723023,5.3381000043373206e-05,75
segment-84,integral_coordinates,homology,0.0011124259999633068,0.00022741199995834904,617
boundary-84,cycle_filling,fill,0.0012010189998363785,3.81170000309794e-05,51
cycle-84,cycle_classification,obstruction,0.0011936169998989499,4.027099998893391e-05,79
segment-85,integral_coordinates,homology,0.0013940790001925052,0.00041218100000151026,741
boundary-85,cycle_filling,fill,0.0015151620000324328,4.317499997341656e-05,57
cycle-85,cycle_classification,obstruction,0.0014267690000906441,6.426699997064134e-05,79
segment-86,integral_coordinates,homology,0.0005532739999125624,0.00010933399994428328,468
boundary-86,cycle_filling,fill,0.0005565980000028503,3.0976999823906226e-05,50
cycle-86,cycle_classification,fill,0.0005199730001095304,2.9003000008742674e-05,50
segment-87,integral_coordinates,homology,0.0017306960000951221,0.0003958869999678427,811
boundary-87,cycle_filling,fill,0.0017891249999593128,6.800300002396398e-05,58
cycle-87,cycle_classification,obstruction,0.001861543999893911,7.229900006677781e-05,79
segment-88,integral_coordinates,homology,0.0005001030001494655,0.00010760199984360952,463
boundary-88,cycle_filling,fill,0.000556358000039836,2.978499992423167e-05,54
cycle-88,cycle_classification,fill,0.0005349260000002687,2.882400008274999e-05,54
segment-89,integral_coordinates,homology,0.0012341189999460767,0.00029651699992427893,658
boundary-89,cycle_filling,fill,0.00137144499990427,3.773699995690549e-05,57
cycle-89,cycle_classification,obstruction,0.0012602780000179337,3.9340000057563884e-05,77
segment-90,integral_coordinates,homology,0.000887397000042256,0.00019575500004975765,602
boundary-90,cycle_filling,fill,0.0009643729999879724,3.8647999872409855e-05,58
cycle-90,cycle_classification,obstruction,0.0009199050000461284,4.062099992552248e-05,71
segment-91,integral_coordinates,homology,0.0004164570000284584,9.052700011125125e-05,443
boundary-91,cycle_filling,fill,0.00046496000004481175,3.0645999913758715e-05,49
cycle-91,cycle_classification,fill,0.0004300279999824852,2.6168999966103e-05,49
segment-92,integral_coordinates,homology,0.0011714049999227427,0.00022025100020073296,616
boundary-92,cycle_filling,fill,0.001290753999910521,4.621900006895885e-05,54
cycle-92,cycle_classification,obstruction,0.0012268680000033783,4.949399999532034e-05,77
segment-93,integral_coordinates,homology,0.0013137490000190155,0.00020006099998681748,584
boundary-93,cycle_filling,fill,0.0012664669998230238,4.385600004752632e-05,56
cycle-93,cycle_classification,obstruction,0.001203251999868371,4.647000014301739e-05,76
segment-94,integral_coordinates,homology,0.0007553870000265306,0.00018878500009122945,555
boundary-94,cycle_filling,fill,0.0008012370001324598,2.994499982378329e-05,49
cycle-94,cycle_classification,obstruction,0.0007933249999041436,3.301900005681091e-05,77
segment-95,integral_coordinates,homology,0.0012900930000796507,0.00026708199993663584,656
boundary-95,cycle_filling,fill,0.0013475499999913154,4.261399999450077e-05,59
cycle-95,cycle_classification,obstruction,0.0013039240000125574,4.552799987322942e-05,76
reduce-point-False-False,unit_reduction,reduction,4.609000006894348e-05,6.530800010295934e-05,186
reduce-point-False-True,unit_reduction,reduction,3.837700000985933e-05,5.35009999111935e-05,186
reduce-point-True-False,unit_reduction,reduction,0.00023387200008073705,5.5923999980223016e-05,188
reduce-point-True-True,unit_reduction,reduction,0.0002075130000775971,5.758699990110472e-05,188
reduce-edge-False-False,unit_reduction,reduction,0.0002536719998715853,7.612400008838449e-05,211
reduce-edge-False-True,unit_reduction,reduction,0.00028372799988574116,8.594900009484263e-05,211
reduce-edge-True-False,unit_reduction,reduction,0.00045672700002796773,0.00011742699985006766,212
reduce-edge-True-True,unit_reduction,reduction,0.00021626600005220098,0.00017721699987305328,318
reduce-circle-False-False,unit_reduction,reduction,0.0008319229998505762,0.0002266510000481503,311
reduce-circle-False-True,unit_reduction,reduction,0.00046612200003437465,0.00043166000000383065,485
reduce-circle-True-False,unit_reduction,reduction,0.0009590040001512534,0.0002766669999800797,307
reduce-circle-True-True,unit_reduction,reduction,0.0005940150001606526,0.0006097989999034326,597
reduce-triangle-False-False,unit_reduction,reduction,0.0009762399999999616,0.00026087300011568004,308
reduce-triangle-False-True,unit_reduction,reduction,0.000601364999965881,0.0006070050001198979,596
reduce-triangle-True-False,unit_reduction,reduction,0.0012529169998742873,0.0003232970000226487,308
reduce-triangle-True-True,unit_reduction,reduction,0.0012190049999389885,0.0003078140000525309,309
reduce-tetra-boundary-False-False,unit_reduction,reduction,0.004012452999859306,0.001485007000155747,705
reduce-tetra-boundary-False-True,unit_reduction,reduction,0.0038450720001037553,0.0014124669999091566,707
reduce-tetra-boundary-True-False,unit_reduction,reduction,0.004563824000115346,0.0015916180000203894,696
reduce-tetra-boundary-True-True,unit_reduction,reduction,0.004038362000073903,0.0015819630000351026,704
reduce-tetrahedron-False-False,unit_reduction,reduction,0.004642713000066578,0.0015608100000008562,698
reduce-tetrahedron-False-True,unit_reduction,reduction,0.0037353459999849292,0.0015729089998330892,699
reduce-tetrahedron-True-False,unit_reduction,reduction,0.00549521600009939,0.0017512679999072134,696
reduce-tetrahedron-True-True,unit_reduction,reduction,0.003973495000082039,0.002256097000099544,997
reduce-disconnected-False-False,unit_reduction,reduction,0.0006544160000885313,0.00022060199989937246,310
reduce-disconnected-False-True,unit_reduction,reduction,0.0006816269999490032,0.00022579000005862326,310
reduce-disconnected-True-False,unit_reduction,reduction,0.0009216480000304728,0.0002605530000892031,308
reduce-disconnected-True-True,unit_reduction,reduction,0.0008680969999659283,0.0002677640000001702,307
reduce-square-False-False,unit_reduction,reduction,0.0011423109999668668,0.000379441000177394,384
reduce-square-False-True,unit_reduction,reduction,0.0010755900000276597,0.0003898570000728796,392
reduce-square-True-False,unit_reduction,reduction,0.001428652000186048,0.0004805339999620628,379
reduce-square-True-True,unit_reduction,reduction,0.0013282410000101663,0.0007258529999489838,586
reduce-random-0,unit_reduction,reduction,0.00018775200010168192,5.680599997504032e-05,189
reduce-random-1,unit_reduction,reduction,0.0013676599999143946,0.0012178439999388502,856
reduce-random-2,unit_reduction,reduction,0.000648897000019133,0.0002452499998071289,312
reduce-random-3,unit_reduction,reduction,0.0003150649999952293,0.00012672000002567074,255
reduce-random-4,unit_reduction,reduction,7.137800002965378e-05,7.11469999714609e-05,212
reduce-random-5,unit_reduction,reduction,0.0008898710000266874,0.0006361779999224382,586
reduce-random-6,unit_reduction,reduction,0.002037339000025895,0.0016625439998279035,1004
reduce-random-7,unit_reduction,reduction,7.415200002469646e-05,7.187799997154798e-05,213
reduce-random-8,unit_reduction,reduction,0.0002127699999618926,0.00017706700009512133,323
reduce-random-9,unit_reduction,reduction,0.0017584290001195768,0.0006463229999553732,483
reduce-random-10,unit_reduction,reduction,0.0006784009999591945,0.00020056299990756088,254
reduce-random-11,unit_reduction,reduction,0.0019422549999035255,0.0020604740000180755,1182
reduce-random-12,unit_reduction,reduction,0.0003321000001506036,0.00012800299987247854,254
reduce-random-13,unit_reduction,reduction,0.0008049630000641628,0.000863289999870176,720
reduce-random-14,unit_reduction,reduction,0.00023399300016535562,0.00017758699982550752,318
reduce-random-15,unit_reduction,reduction,0.0013364229998842347,0.001224134000040067,863
reduce-random-16,unit_reduction,reduction,0.0004534229999535455,0.000406452000106583,480
reduce-random-17,unit_reduction,reduction,0.00021665600002052088,0.00017694600001050276,322
reduce-random-18,unit_reduction,reduction,0.00018555900010142068,5.720699982703081e-05,189
reduce-random-19,unit_reduction,reduction,0.0007985029999417748,0.0008433800001057534,719
reduce-random-20,unit_reduction,reduction,0.0004818259999410657,0.0004299669999454636,491
reduce-random-21,unit_reduction,reduction,0.001431135000075301,0.001234279000073002,851
reduce-random-22,unit_reduction,reduction,0.000477149000062127,0.00048431899995193817,484
reduce-random-23,unit_reduction,reduction,0.0002164859999993496,0.0001785889999155188,321
reduce-one-step-cap,partial_reduction,reduction,2.399999630142702e-07,0.004580147999831752,2024
reduce-nonunit-stagnation,heuristic_boundary,reduction,2.399999630142702e-07,0.00017251999997824896,312
stagnation-rescued-by-homotopy,heuristic_boundary,homotopy,0.0019264009999915288,0.00015901000006124377,86
ext-p2-t-4,secondary_homotopy,homotopy,0.00039985200010050903,6.786299991290434e-05,61
ext-p2-t-3,secondary_homotopy,no_homotopy,0.00037540499988608644,7.688599998800782e-05,75
ext-p2-t-2,secondary_homotopy,homotopy,0.00037505499994949787,6.413700020857505e-05,61
ext-p2-t-1,secondary_homotopy,no_homotopy,0.00037042700000711193,7.030599999779952e-05,75
ext-p2-t0,secondary_homotopy,homotopy,0.00035509500003172434,6.05210000230727e-05,60
ext-p2-t1,secondary_homotopy,no_homotopy,0.00038203500002964574,9.505299999545969e-05,75
ext-p2-t2,secondary_homotopy,homotopy,0.0003800720000981528,6.482799994955712e-05,60
ext-p2-t3,secondary_homotopy,no_homotopy,0.0003360959999554325,6.614000017179933e-05,75
ext-p2-t4,secondary_homotopy,homotopy,0.0003759560001981299,6.355599998641992e-05,60
ext-p3-t-6,secondary_homotopy,homotopy,0.00035171000013178855,6.355599998641992e-05,61
ext-p3-t-5,secondary_homotopy,no_homotopy,0.00037301200018191594,6.715099993925833e-05,75
ext-p3-t-4,secondary_homotopy,no_homotopy,0.0003385699999398639,6.713099992339266e-05,75
ext-p3-t-3,secondary_homotopy,homotopy,0.00035851000006914546,8.871399995769025e-05,61
ext-p3-t-2,secondary_homotopy,no_homotopy,0.00033992199996646377,6.672000017715618e-05,75
ext-p3-t-1,secondary_homotopy,no_homotopy,0.0003452000000834232,6.490800001301977e-05,75
ext-p3-t0,secondary_homotopy,homotopy,0.0003721499999755906,6.30050001291238e-05,60
ext-p3-t1,secondary_homotopy,no_homotopy,0.0003395710000404506,6.6110000034314e-05,75
ext-p3-t2,secondary_homotopy,no_homotopy,0.00042187499980173016,7.062700001370104e-05,75
ext-p3-t3,secondary_homotopy,homotopy,0.0003618150001329923,8.634999994683312e-05,60
ext-p3-t4,secondary_homotopy,no_homotopy,0.00037156999997023377,6.678999989162548e-05,75
ext-p3-t5,secondary_homotopy,no_homotopy,0.0003652000000329281,6.647000009252224e-05,75
ext-p3-t6,secondary_homotopy,homotopy,0.0003442780000568746,6.132299995442736e-05,60
ext-p4-t-8,secondary_homotopy,homotopy,0.00039026700005706516,6.460800000240852e-05,61
ext-p4-t-7,secondary_homotopy,no_homotopy,0.00033566599995538127,6.743199992342852e-05,75
ext-p4-t-6,secondary_homotopy,no_homotopy,0.00033798899994508247,6.858300002932083e-05,75
ext-p4-t-5,secondary_homotopy,no_homotopy,0.00033263099999203405,6.464800003413984e-05,75
ext-p4-t-4,secondary_homotopy,homotopy,0.0005417060001491336,6.850299996585818e-05,61
ext-p4-t-3,secondary_homotopy,no_homotopy,0.00038993799989839317,7.575400013593026e-05,75
ext-p4-t-2,secondary_homotopy,no_homotopy,0.0003436179999880551,6.683000015073048e-05,75
ext-p4-t-1,secondary_homotopy,no_homotopy,0.00033954100013033894,6.551899991791288e-05,75
ext-p4-t0,secondary_homotopy,homotopy,0.0004221760000291397,6.614999983867165e-05,60
ext-p4-t1,secondary_homotopy,no_homotopy,0.00034461900008864177,6.973499989726406e-05,75
ext-p4-t2,secondary_homotopy,no_homotopy,0.0003717600000072707,9.314999988419004e-05,75
ext-p4-t3,secondary_homotopy,no_homotopy,0.0003474830000413931,8.873399997355591e-05,75
ext-p4-t4,secondary_homotopy,homotopy,0.00035317199990458903,6.230400003914838e-05,60
ext-p4-t5,secondary_homotopy,no_homotopy,0.0003555650000635069,6.995599983383727e-05,75
ext-p4-t6,secondary_homotopy,no_homotopy,0.00033257099994443706,6.539800006066798e-05,75
ext-p4-t7,secondary_homotopy,no_homotopy,0.0003603530001328181,6.626000003961963e-05,75
ext-p4-t8,secondary_homotopy,homotopy,0.00034708199996202893,6.243500001801294e-05,60
ext-p5-t-10,secondary_homotopy,homotopy,0.00037369199981185375,9.820800005400088e-05,61
ext-p5-t-9,secondary_homotopy,no_homotopy,0.0003460310001628386,6.861399992885708e-05,75
ext-p5-t-8,secondary_homotopy,no_homotopy,0.00034181499995611375,6.798200001867372e-05,75
ext-p5-t-7,secondary_homotopy,no_homotopy,0.0003602629999477358,6.761200006621948e-05,75
ext-p5-t-6,secondary_homotopy,no_homotopy,0.0003351450000081968,6.68810000661324e-05,75
ext-p5-t-5,secondary_homotopy,homotopy,0.00037577600005533895,6.597900005544943e-05,61
ext-p5-t-4,secondary_homotopy,no_homotopy,0.00032688199985386746,6.637000001319393e-05,75
ext-p5-t-3,secondary_homotopy,no_homotopy,0.00037461500005520065,7.062600002427644e-05,75
ext-p5-t-2,secondary_homotopy,no_homotopy,0.00036260599995330267,6.851300008747785e-05,75
ext-p5-t-1,secondary_homotopy,no_homotopy,0.0003336620000027324,6.503800000245974e-05,75
ext-p5-t0,secondary_homotopy,homotopy,0.0004545849999431084,6.50580000183254e-05,60
ext-p5-t1,secondary_homotopy,no_homotopy,0.0003511279999202088,6.7933000082121e-05,75
ext-p5-t2,secondary_homotopy,no_homotopy,0.00035238100008427864,6.51679999918997e-05,75
ext-p5-t3,secondary_homotopy,no_homotopy,0.0004232280000451283,0.00024310599997079407,75
ext-p5-t4,secondary_homotopy,no_homotopy,0.0004516010001225368,7.233899987113546e-05,75
ext-p5-t5,secondary_homotopy,homotopy,0.00038280599983409047,6.309500008683244e-05,60
ext-p5-t6,secondary_homotopy,no_homotopy,0.0003630870000961295,6.922399984432559e-05,75
ext-p5-t7,secondary_homotopy,no_homotopy,0.0004121910001231299,6.979499994486105e-05,75
ext-p5-t8,secondary_homotopy,no_homotopy,0.0004529420000380924,7.344099981310137e-05,75
ext-p5-t9,secondary_homotopy,no_homotopy,0.0003911300000254414,6.899300001350639e-05,75
ext-p5-t10,secondary_homotopy,homotopy,0.0003909689999090915,6.471799997598282e-05,60
ext-p6-t-12,secondary_homotopy,homotopy,0.0003594720001274254,6.578900001841248e-05,61
ext-p6-t-11,secondary_homotopy,no_homotopy,0.00036466000005930255,6.957400000828784e-05,75
ext-p6-t-10,secondary_homotopy,no_homotopy,0.00034557000003587746,6.783200001336809e-05,75
ext-p6-t-9,secondary_homotopy,no_homotopy,0.00034248599990860384,6.732099996042962e-05,75
ext-p6-t-8,secondary_homotopy,no_homotopy,0.00035857100010616705,7.078599992382806e-05,75
ext-p6-t-7,secondary_homotopy,no_homotopy,0.00037274100009199174,6.839299999228388e-05,75
ext-p6-t-6,secondary_homotopy,homotopy,0.00038092399995548476,6.342599999697995e-05,61
ext-p6-t-5,secondary_homotopy,no_homotopy,0.0003298870001344767,6.833299994468689e-05,75
ext-p6-t-4,secondary_homotopy,no_homotopy,0.0003563970001323469,6.59499999073887e-05,75
ext-p6-t-3,secondary_homotopy,no_homotopy,0.00032521000002816436,6.41760000235081e-05,75
ext-p6-t-2,secondary_homotopy,no_homotopy,0.0003392510000139737,6.729100005031796e-05,75
ext-p6-t-1,secondary_homotopy,no_homotopy,0.0003500170000734215,6.669100002909545e-05,75
ext-p6-t0,secondary_homotopy,homotopy,0.00038027300001886033,6.265399997573695e-05,60
ext-p6-t1,secondary_homotopy,no_homotopy,0.0003636880001067766,6.720100009260932e-05,75
ext-p6-t2,secondary_homotopy,no_homotopy,0.0003298870001344767,6.532799989145133e-05,75
ext-p6-t3,secondary_homotopy,no_homotopy,0.00033528499989188276,6.546800000251096e-05,75
ext-p6-t4,secondary_homotopy,no_homotopy,0.00033892000010382617,8.632000003672147e-05,75
ext-p6-t5,secondary_homotopy,no_homotopy,0.0003477640000255633,6.641999993917125e-05,75
ext-p6-t6,secondary_homotopy,homotopy,0.0003696070000387408,6.133200008662243e-05,60
ext-p6-t7,secondary_homotopy,no_homotopy,0.00036019299977851915,6.596900016120344e-05,75
ext-p6-t8,secondary_homotopy,no_homotopy,0.00035597700002654165,6.706099998154968e-05,75
ext-p6-t9,secondary_homotopy,no_homotopy,0.00032328699990102905,6.45580000764312e-05,75
ext-p6-t10,secondary_homotopy,no_homotopy,0.0003344740000557067,6.579900014003215e-05,75
ext-p6-t11,secondary_homotopy,no_homotopy,0.0004080749999957334,7.100699986040127e-05,75
ext-p6-t12,secondary_homotopy,homotopy,0.0003620449999743869,6.214400013959676e-05,60
ext-p7-t-14,secondary_homotopy,homotopy,0.00038429899996117456,6.674999985989416e-05,61
ext-p7-t-13,secondary_homotopy,no_homotopy,0.00034535000008872885,6.983499997659237e-05,75
ext-p7-t-12,secondary_homotopy,no_homotopy,0.00034490899997763336,6.7933000082121e-05,75
ext-p7-t-11,secondary_homotopy,no_homotopy,0.00036832499995398393,6.791300006625534e-05,75
ext-p7-t-10,secondary_homotopy,no_homotopy,0.0003369779999502498,6.802200005040504e-05,75
ext-p7-t-9,secondary_homotopy,no_homotopy,0.00035199099988858507,6.60990001506434e-05,75
ext-p7-t-8,secondary_homotopy,no_homotopy,0.0003295460001027095,6.704099996568402e-05,75
ext-p7-t-7,secondary_homotopy,homotopy,0.00035326199986229767,8.734100015317381e-05,61
ext-p7-t-6,secondary_homotopy,no_homotopy,0.0003356949998760683,6.745200016666786e-05,75
ext-p7-t-5,secondary_homotopy,no_homotopy,0.0003427760000249691,6.610999980694032e-05,75
ext-p7-t-4,secondary_homotopy,no_homotopy,0.00035769900000559574,6.887299991831242e-05,75
ext-p7-t-3,secondary_homotopy,no_homotopy,0.00033385200003976934,6.425700007639534e-05,75
ext-p7-t-2,secondary_homotopy,no_homotopy,0.00035984200007987965,6.624999991799996e-05,75
ext-p7-t-1,secondary_homotopy,no_homotopy,0.00037766900004498893,0.00010724100002335035,75
ext-p7-t0,secondary_homotopy,homotopy,0.0004011040000477806,6.352600007630826e-05,60
ext-p7-t1,secondary_homotopy,no_homotopy,0.0003742640001291875,6.92139999500796e-05,75
ext-p7-t2,secondary_homotopy,no_homotopy,0.0003452200000992889,6.6059999880963e-05,75
ext-p7-t3,secondary_homotopy,no_homotopy,0.000493122000079893,6.703100007143803e-05,75
ext-p7-t4,secondary_homotopy,no_homotopy,0.00037956099981784064,6.778300007681537e-05,75
ext-p7-t5,secondary_homotopy,no_homotopy,0.00043969199987259344,7.095700016179762e-05,75
ext-p7-t6,secondary_homotopy,no_homotopy,0.000379400999918289,6.911400009812496e-05,75
ext-p7-t7,secondary_homotopy,homotopy,0.00039009700003589387,6.186399991747749e-05,60
ext-p7-t8,secondary_homotopy,no_homotopy,0.0004401429998779349,8.328500007337425e-05,75
ext-p7-t9,secondary_homotopy,no_homotopy,0.00040151500002139073,7.449199983966537e-05,75
ext-p7-t10,secondary_homotopy,no_homotopy,0.00043873100003111176,0.00010387699990133115,75
ext-p7-t11,secondary_homotopy,no_homotopy,0.00040420799996354617,6.985599998188263e-05,75
ext-p7-t12,secondary_homotopy,no_homotopy,0.0003749249999600579,6.697100002384104e-05,75
ext-p7-t13,secondary_homotopy,no_homotopy,0.00033263099999203405,6.471699998655822e-05,75
ext-p7-t14,secondary_homotopy,homotopy,0.0004893069999525324,6.892400006108801e-05,60
ext-p8-t-16,secondary_homotopy,homotopy,0.00046592099988629343,7.032600001366518e-05,61
ext-p8-t-15,secondary_homotopy,no_homotopy,0.00037407300010272593,7.282000001396227e-05,75
ext-p8-t-14,secondary_homotopy,no_homotopy,0.0003615240000272024,6.961500002944376e-05,75
ext-p8-t-13,secondary_homotopy,no_homotopy,0.0003757459999178536,6.964499993955542e-05,75
ext-p8-t-12,secondary_homotopy,no_homotopy,0.000344998999935342,6.504799989670573e-05,75
ext-p8-t-11,secondary_homotopy,no_homotopy,0.000369116000001668,6.764099998690654e-05,75
ext-p8-t-10,secondary_homotopy,no_homotopy,0.0004290469998977642,7.088600000315637e-05,75
ext-p8-t-9,secondary_homotopy,no_homotopy,0.000398880999910034,6.824299998697825e-05,75
ext-p8-t-8,secondary_homotopy,homotopy,0.0003879250000409229,6.330499991236138e-05,61
ext-p8-t-7,secondary_homotopy,no_homotopy,0.0007354880001457786,7.360099994002667e-05,75
ext-p8-t-6,secondary_homotopy,no_homotopy,0.0003730319999704079,6.724100012434064e-05,75
ext-p8-t-5,secondary_homotopy,no_homotopy,0.000355235000142784,6.72209998811013e-05,75
ext-p8-t-4,secondary_homotopy,no_homotopy,0.0004903679998733423,7.174799998210801e-05,75
ext-p8-t-3,secondary_homotopy,no_homotopy,0.0005309999999099091,7.065700015118637e-05,75
ext-p8-t-2,secondary_homotopy,no_homotopy,0.0003676630001336889,6.838299987066421e-05,75
ext-p8-t-1,secondary_homotopy,no_homotopy,0.00036354799999571696,6.588899987036712e-05,75
ext-p8-t0,secondary_homotopy,homotopy,0.0004497170000377082,6.492800002888544e-05,60
ext-p8-t1,secondary_homotopy,no_homotopy,0.00036671299994850415,6.939400009287056e-05,75
ext-p8-t2,secondary_homotopy,no_homotopy,0.0004812149998087989,6.869300000289513e-05,75
ext-p8-t3,secondary_homotopy,no_homotopy,0.00037197000006017333,6.414700010282104e-05,75
ext-p8-t4,secondary_homotopy,no_homotopy,0.00036045199999534816,6.659099994976714e-05,75
ext-p8-t5,secondary_homotopy,no_homotopy,0.0003373679999185697,6.463699992309557e-05,75
ext-p8-t6,secondary_homotopy,no_homotopy,0.0003338729998176859,6.440700008170097e-05,75
ext-p8-t7,secondary_homotopy,no_homotopy,0.00035431299988886167,6.435700015572365e-05,75
ext-p8-t8,secondary_homotopy,homotopy,0.00035565600001064013,0.00016710200020497723,60
ext-p8-t9,secondary_homotopy,no_homotopy,0.0004106380001758225,9.650599986343877e-05,75
ext-p8-t10,secondary_homotopy,no_homotopy,0.0003525309998622106,8.897400016394386e-05,75
ext-p8-t11,secondary_homotopy,no_homotopy,0.0003371380000771751,6.413699998120137e-05,75
ext-p8-t12,secondary_homotopy,no_homotopy,0.00035520500000529864,6.422600017685909e-05,75
ext-p8-t13,secondary_homotopy,no_homotopy,0.0003943240001262893,6.673100006082677e-05,75
ext-p8-t14,secondary_homotopy,no_homotopy,0.00034684199999901466,6.602000007660536e-05,75
ext-p8-t15,secondary_homotopy,no_homotopy,0.0006211359998360422,7.249899999806075e-05,75
ext-p8-t16,secondary_homotopy,homotopy,0.00038707299995621725,6.398699997589574e-05,60
ext-p9-t-18,secondary_homotopy,homotopy,0.0003642379999746481,6.493799992313143e-05,61
ext-p9-t-17,secondary_homotopy,no_homotopy,0.0003585699998893688,6.861399992885708e-05,75
ext-p9-t-16,secondary_homotopy,no_homotopy,0.0003492460000416031,6.84330000240152e-05,75
ext-p9-t-15,secondary_homotopy,no_homotopy,0.00036715299984280136,6.739100012964627e-05,75
ext-p9-t-14,secondary_homotopy,no_homotopy,0.000356115999920803,6.707100010316935e-05,75
ext-p9-t-13,secondary_homotopy,no_homotopy,0.0003748650001398346,7.224799992400222e-05,75
ext-p9-t-12,secondary_homotopy,no_homotopy,0.0003630670000802638,6.685099992864707e-05,75
ext-p9-t-11,secondary_homotopy,no_homotopy,0.0003622560000167141,6.741099991813826e-05,75
ext-p9-t-10,secondary_homotopy,no_homotopy,0.00040438899986838805,7.104700011950627e-05,75
ext-p9-t-9,secondary_homotopy,homotopy,0.0003536130000156845,8.528800003659853e-05,61
ext-p9-t-8,secondary_homotopy,no_homotopy,0.0003404530000352679,6.82729998970899e-05,75
ext-p9-t-7,secondary_homotopy,no_homotopy,0.00035459400010040554,6.810199988649401e-05,75
ext-p9-t-6,secondary_homotopy,no_homotopy,0.0007440300000780553,0.00013027699992562702,75
ext-p9-t-5,secondary_homotopy,no_homotopy,0.0003734230001555261,6.82729998970899e-05,75
ext-p9-t-4,secondary_homotopy,no_homotopy,0.0003647390001333406,7.028599998193386e-05,75
ext-p9-t-3,secondary_homotopy,no_homotopy,0.00036664200001723657,6.710100001328101e-05,75
ext-p9-t-2,secondary_homotopy,no_homotopy,0.0003739229998700466,7.08669999767153e-05,75
ext-p9-t-1,secondary_homotopy,no_homotopy,0.0003909590000148455,0.00010690099998100777,75
ext-p9-t0,secondary_homotopy,homotopy,0.0003864220000195928,6.200400002853712e-05,60
ext-p9-t1,secondary_homotopy,no_homotopy,0.00036360800004331395,6.890300005579775e-05,75
ext-p9-t2,secondary_homotopy,no_homotopy,0.00038500000005115,6.917399991834827e-05,75
ext-p9-t3,secondary_homotopy,no_homotopy,0.0003340529999604769,6.484800019279646e-05,75
ext-p9-t4,secondary_homotopy,no_homotopy,0.00034380800002509204,6.747199995515984e-05,75
ext-p9-t5,secondary_homotopy,no_homotopy,0.0003516690001106326,6.630000007135095e-05,75
ext-p9-t6,secondary_homotopy,no_homotopy,0.0003641190000962524,6.607899990740407e-05,75
ext-p9-t7,secondary_homotopy,no_homotopy,0.00042495000002418237,7.056599997667945e-05,75
ext-p9-t8,secondary_homotopy,no_homotopy,0.00035189000004720583,6.569900006070384e-05,75
ext-p9-t9,secondary_homotopy,homotopy,0.00037325199991755653,6.175299995447858e-05,60
ext-p9-t10,secondary_homotopy,no_homotopy,0.0003619149999849469,6.742200002918253e-05,75
ext-p9-t11,secondary_homotopy,no_homotopy,0.0003408330001093418,6.658999996034254e-05,75
ext-p9-t12,secondary_homotopy,no_homotopy,0.0003585300000850111,6.811200000811368e-05,75
ext-p9-t13,secondary_homotopy,no_homotopy,0.00033956199990825553,6.682999992335681e-05,75
ext-p9-t14,secondary_homotopy,no_homotopy,0.00043360299991945794,7.045699999252975e-05,75
ext-p9-t15,secondary_homotopy,no_homotopy,0.0003805129999818746,6.888400002935668e-05,75
ext-p9-t16,secondary_homotopy,no_homotopy,0.0003348749999076972,6.368599997585989e-05,75
ext-p9-t17,secondary_homotopy,no_homotopy,0.00035995200005345396,6.536799992318265e-05,75
ext-p9-t18,secondary_homotopy,homotopy,0.0003466119999302464,6.143299992800166e-05,60
random-homotopy-0,constructed_homotopies,homotopy,0.02451713599998584,0.0007679059999645688,186
random-homotopy-1,constructed_homotopies,homotopy,0.012456089999886899,0.0005027480001444928,154
random-homotopy-2,constructed_homotopies,homotopy,0.0013999289999446773,0.00016095199998744647,78
random-homotopy-3,constructed_homotopies,homotopy,0.001505307000115863,0.00017658599995229451,77
random-homotopy-4,constructed_homotopies,homotopy,0.0020564569999805826,0.00023470399992220337,84
random-homotopy-5,constructed_homotopies,homotopy,0.007912325999996028,0.0004479950000586541,125
random-homotopy-6,constructed_homotopies,homotopy,0.012431292999963262,0.0005130530000769795,150
random-homotopy-7,constructed_homotopies,homotopy,0.006199527000035232,0.000356166000074154,118
random-homotopy-8,constructed_homotopies,homotopy,0.006025123999961579,0.0003824460000032559,120
random-homotopy-9,constructed_homotopies,homotopy,0.0040531049999117386,0.00024699200002942234,103
random-homotopy-10,constructed_homotopies,homotopy,0.0011698920000071666,0.00017827800002123695,76
random-homotopy-11,constructed_homotopies,homotopy,0.0017415629999959492,0.00023423299990099622,87
random-homotopy-12,constructed_homotopies,homotopy,0.0018750439999166701,0.0001854890001595777,87
random-homotopy-13,constructed_homotopies,homotopy,0.0017787589999898046,0.0001761450000685727,85
random-homotopy-14,constructed_homotopies,homotopy,0.0018448389998866332,0.0002310879999640747,84
random-homotopy-15,constructed_homotopies,homotopy,0.006033486999967863,0.0003572880000319856,122
random-homotopy-16,constructed_homotopies,homotopy,0.004033635000041613,0.00024583999993410544,104
random-homotopy-17,constructed_homotopies,homotopy,0.0016784780000307364,0.00025954100010494585,86
random-homotopy-18,constructed_homotopies,homotopy,0.0011782050000874733,0.00018377599985797133,79
random-homotopy-19,constructed_homotopies,homotopy,0.001636834999999337,0.0002275830001963186,85
random-homotopy-20,constructed_homotopies,homotopy,0.025366184999938923,0.0007127830001536495,188
random-homotopy-21,constructed_homotopies,homotopy,0.0004448400000001129,6.922400007169927e-05,60
random-homotopy-22,constructed_homotopies,homotopy,0.0003533430001425586,8.739099985177745e-05,60
random-homotopy-23,constructed_homotopies,homotopy,0.007274186000131522,0.00036151399990558275,127
random-homotopy-24,constructed_homotopies,homotopy,0.02586890099996708,0.0008988640001916792,185
random-homotopy-25,constructed_homotopies,homotopy,0.011195702000122765,0.0005850609998105938,150
random-homotopy-26,constructed_homotopies,homotopy,0.0007332039999710105,0.00010170300015488465,69
random-homotopy-27,constructed_homotopies,homotopy,0.0008107110002129048,0.00012815299987778417,68
random-homotopy-28,constructed_homotopies,homotopy,0.006122009999899092,0.00035094899999421614,121
random-homotopy-29,constructed_homotopies,homotopy,0.005959365999842703,0.00037703800012423017,120
random-homotopy-30,constructed_homotopies,homotopy,0.0017323089998626529,0.00023497400002270297,90
random-homotopy-31,constructed_homotopies,homotopy,0.02478130500003317,0.000751460999936171,188
random-homotopy-32,constructed_homotopies,homotopy,0.02581573199995546,0.0008784730000570562,187
random-homotopy-33,constructed_homotopies,homotopy,0.00773836600001232,0.00035394299993640743,126
random-homotopy-34,constructed_homotopies,homotopy,0.0018831360000604036,0.00016529899994566222,87
random-homotopy-35,constructed_homotopies,homotopy,0.012224853000134317,0.000575135999952181,156
random-homotopy-36,constructed_homotopies,homotopy,0.01525790000005145,0.0005872839999483404,158
random-homotopy-37,constructed_homotopies,homotopy,0.0007977709999522631,0.00010401700001239078,68
random-homotopy-38,constructed_homotopies,homotopy,0.0035195210000438237,0.00029989199992996873,104
random-homotopy-39,constructed_homotopies,homotopy,0.0022406949999549397,0.00023857899986978737,87
random-homotopy-40,constructed_homotopies,homotopy,0.001714122000066709,0.0003030970001418609,86
random-homotopy-41,constructed_homotopies,homotopy,0.00043641800016303023,7.034600002953084e-05,60
random-homotopy-42,constructed_homotopies,homotopy,0.0019246890001340944,0.00025743800006239326,86
random-homotopy-43,constructed_homotopies,homotopy,0.00606368199987628,0.00035487500008457573,120
random-homotopy-44,constructed_homotopies,homotopy,0.001395431999981156,0.00015707600005043787,78
random-homotopy-45,constructed_homotopies,homotopy,0.0011901729999408417,0.0001573970000663394,78
random-homotopy-46,constructed_homotopies,homotopy,0.0037590510000882205,0.00024544000007153954,104
random-homotopy-47,constructed_homotopies,homotopy,0.0136711700001797,0.0005061819999809813,154
free-homotopy-obstruction,free_obstruction,no_homotopy,0.0002751739998529956,5.1147000021956046e-05,69
empty-homotopy-0-0,empty_shapes,homotopy,0.00017336099995191034,3.483199998299824e-05,53
empty-homotopy-0-2,empty_shapes,homotopy,0.00014067200004319602,3.912900001523667e-05,53
empty-homotopy-2-0,empty_shapes,homotopy,0.00013058599984105967,3.66760000360955e-05,53
transport-reduction-1-C,transport_prerequisite,reduction,2.409999524388695e-07,5.795700008093263e-05,189
transport-reduction-1-D,transport_prerequisite,reduction,1.5999989955162164e-07,4.677100014305324e-05,189
lifted-homotopy-1,transported_homotopies,homotopy,1.3971000043966342e-05,5.5834000022514374e-05,61
transport-reduction-2-C,transport_prerequisite,reduction,2.0000015865662135e-07,9.99209999008599e-05,214
transport-reduction-2-D,transport_prerequisite,reduction,1.6000012692529708e-07,8.576999994147627e-05,214
lifted-homotopy-2,transported_homotopies,homotopy,4.660999979932967e-05,0.00014907500008121133,85
transport-reduction-4-C,transport_prerequisite,reduction,2.599999788799323e-07,0.0003206030000910687,316
transport-reduction-4-D,transport_prerequisite,reduction,1.910000264615519e-07,0.00030547000005753944,316
lifted-homotopy-4,transported_homotopies,homotopy,0.0001715079999939917,0.0007101200001216057,186
transport-reduction-6-C,transport_prerequisite,reduction,3.200000264769187e-07,0.0008323239999299403,480
transport-reduction-6-D,transport_prerequisite,reduction,1.5999989955162164e-07,0.0008301800000936055,480
lifted-homotopy-6,transported_homotopies,homotopy,0.00039386299999932817,0.002011098999901151,355
transport-reduction-8-C,transport_prerequisite,reduction,2.9000011636526324e-07,0.0017536519999339362,706
transport-reduction-8-D,transport_prerequisite,reduction,2.0999982552893925e-07,0.0018222749999949883,706
lifted-homotopy-8,transported_homotopies,homotopy,0.0006931039999926725,0.00426423299995804,585
transport-reduction-10-C,transport_prerequisite,reduction,3.3100013752118684e-07,0.003321531999972649,994
transport-reduction-10-D,transport_prerequisite,reduction,2.6099996830453165e-07,0.0033390780001809617,994
lifted-homotopy-10,transported_homotopies,homotopy,0.0010574129998985882,0.008879091999915545,893
transport-reduction-12-C,transport_prerequisite,reduction,3.010000000358559e-07,0.005794797999897128,1339
transport-reduction-12-D,transport_prerequisite,reduction,2.1100004232721403e-07,0.00566937799999323,1339
lifted-homotopy-12,transported_homotopies,homotopy,0.0015634139999747276,0.014480829999911293,1269
lifted-nonzero-reduced-homotopy,transported_homotopies,homotopy,4.708100004791049e-05,0.0001525200000287441,84
doubled-face-cycle-1,worked_example,obstruction,0.0008439009998255642,3.828800004157529e-05,75
doubled-face-cycle-2,worked_example,fill,0.0007830189999822323,3.2089000114865485e-05,50
doubled-face-homology,worked_example,homology,0.0007284170001184975,0.00013752699987890082,520
