family,case,generator_family,status,median_search_seconds,median_replay_seconds,certificate_bytes,basis_dimension,worlds,trace_length,conserved_target_only,coefficient_obligations,models
machine,delayed_relational_equality,worked,proved,0.0020539009999538393,0.00021336400004656753,323,2,,,False,2,
machine,delayed_mutant,worked,refuted,0.0013499249998858431,0.00014368699999067758,114,3,,2,False,2,
machine,sum_scaling,worked,proved,0.0006958540000141511,7.696600005147047e-05,173,1,,,True,1,
machine,square_of_sum,worked,proved,0.0008681350000188104,9.60449999638513e-05,173,1,,,True,1,
machine,cube_of_sum,worked,proved,0.0007345630001509562,0.00011341199979142402,173,1,,,True,1,
machine,symmetric_polynomial,worked,proved,0.0009248410001418961,0.000117406999834202,194,1,,,True,1,
machine,fibonacci_relational,worked,proved,0.0016054410000378994,0.00017831000013757148,320,2,,,False,2,
machine,alternating_control,worked,proved,0.0010654739999154117,0.00012745300000460702,264,2,,,False,2,
machine,circle_rotation,worked,proved,0.0007146430000375403,7.654599994566524e-05,186,1,,,True,1,
machine,seven_sample_trap,worked,refuted,0.0011797460001616855,5.135800006428326e-05,87,2,,1,False,8,
machine,nonlinear_growth_true_but_unknown,worked,unknown,0.0005817109999952663,,0,4,,,False,4,
machine,empty_basis_zero_goal,worked,proved,0.00017146000004686357,3.549300004124234e-05,92,0,,,True,0,
machine,zero_step_failure,worked,refuted,0.00012788300000465824,9.304000059273676e-06,61,1,,0,False,0,
machine,unreachable_bad_node,worked,proved,0.0005687010000201553,4.927400004817173e-05,194,2,,,False,1,
machine,simultaneous_swap,worked,proved,0.0006395389998488099,7.217899997158383e-05,186,1,,,True,1,
machine,two_payload_square,worked,proved,0.0008387499999571446,9.724799997457012e-05,175,1,,,True,1,
machine,symbolic_initial_parameter,worked,proved,0.0009561279998706596,9.933100000125705e-05,184,1,,,False,1,
machine,symbolic_initial_mutant,worked,refuted,0.0006637950000367709,4.5129000000088126e-05,87,2,,1,False,2,
machine,affine_conjugacy_00,conjugacy,proved,0.002440385999989303,0.00032676499995432096,358,2,,,False,2,
machine,affine_conjugacy_mutant_00,conjugacy_mutant,refuted,0.0015794020000612363,0.0001529109999864886,87,2,,1,False,1,
machine,affine_conjugacy_01,conjugacy,proved,0.0072753290000946436,0.0012171840000974044,840,3,,,False,6,
machine,affine_conjugacy_mutant_01,conjugacy_mutant,refuted,0.002504473000044527,0.0003084770000896242,87,3,,1,False,2,
machine,affine_conjugacy_02,conjugacy,proved,0.0018348290000176348,0.00027874200009136985,343,2,,,False,2,
machine,affine_conjugacy_mutant_02,conjugacy_mutant,refuted,0.001035046999959377,0.0001521399999546702,87,2,,1,False,1,
machine,affine_conjugacy_03,conjugacy,proved,0.007886536000114575,0.0014063410001199372,885,3,,,False,6,
machine,affine_conjugacy_mutant_03,conjugacy_mutant,refuted,0.00314137799978198,0.0003460949999407603,87,3,,1,False,2,
machine,affine_conjugacy_04,conjugacy,proved,0.002532265999889205,0.0002476849999766273,378,2,,,False,2,
machine,affine_conjugacy_mutant_04,conjugacy_mutant,refuted,0.0010068349999983184,0.00013927100008004345,87,2,,1,False,1,
machine,affine_conjugacy_05,conjugacy,proved,0.007908038000095985,0.0012356820000150037,836,3,,,False,6,
machine,affine_conjugacy_mutant_05,conjugacy_mutant,refuted,0.003683119000015722,0.0003425089998927433,87,3,,1,False,2,
machine,affine_conjugacy_06,conjugacy,proved,0.0023013160000573407,0.0003257440000652423,379,2,,,False,2,
machine,affine_conjugacy_mutant_06,conjugacy_mutant,refuted,0.0011342880000029254,0.0001482650000070862,87,2,,1,False,1,
machine,affine_conjugacy_07,conjugacy,proved,0.008615519999921162,0.0015694179999172775,858,3,,,False,6,
machine,affine_conjugacy_mutant_07,conjugacy_mutant,refuted,0.0031271059999653517,0.00033865299997160037,87,3,,1,False,2,
machine,affine_conjugacy_08,conjugacy,proved,0.0019343089998073992,0.00021313300021574832,324,2,,,False,2,
machine,affine_conjugacy_mutant_08,conjugacy_mutant,refuted,0.0009565279999605991,0.00010654099992279953,87,2,,1,False,1,
machine,affine_conjugacy_09,conjugacy,proved,0.011734915000033652,0.0016459329999634065,907,3,,,False,6,
machine,affine_conjugacy_mutant_09,conjugacy_mutant,refuted,0.003517197000064698,0.0003649220000170317,87,3,,1,False,2,
machine,affine_conjugacy_10,conjugacy,proved,0.0025353599999107246,0.00030157600008351437,359,2,,,False,2,
machine,affine_conjugacy_mutant_10,conjugacy_mutant,refuted,0.0011156599998685124,0.00013452399980451446,87,2,,1,False,1,
machine,affine_conjugacy_11,conjugacy,proved,0.008141792000060377,0.0013032540000494919,860,3,,,False,6,
machine,affine_conjugacy_mutant_11,conjugacy_mutant,refuted,0.0025746689998413785,0.000369390000059866,87,3,,1,False,2,
machine,affine_conjugacy_12,conjugacy,proved,0.0027410220000092522,0.00030432100015787,339,2,,,False,2,
machine,affine_conjugacy_mutant_12,conjugacy_mutant,refuted,0.0011484690000997944,0.00013008699988859007,87,2,,1,False,1,
machine,affine_conjugacy_13,conjugacy,proved,0.010564632000068741,0.0013955140000234678,861,3,,,False,6,
machine,affine_conjugacy_mutant_13,conjugacy_mutant,refuted,0.0029588009999770293,0.0004466060001959704,87,3,,1,False,2,
machine,affine_conjugacy_14,conjugacy,proved,0.0028578379999544268,0.00032427200017082214,380,2,,,False,2,
machine,affine_conjugacy_mutant_14,conjugacy_mutant,refuted,0.0015266519999386219,0.00020899600008306152,87,2,,1,False,1,
machine,affine_conjugacy_15,conjugacy,proved,0.010703482000053555,0.001657329999943613,860,3,,,False,6,
machine,affine_conjugacy_mutant_15,conjugacy_mutant,refuted,0.004112629000019297,0.00034004500002993154,87,3,,1,False,2,
machine,affine_conjugacy_16,conjugacy,proved,0.001953408999952444,0.0003095990000474558,342,2,,,False,2,
machine,affine_conjugacy_mutant_16,conjugacy_mutant,refuted,0.00097239299998364,0.0001224860000093031,87,2,,1,False,1,
machine,affine_conjugacy_17,conjugacy,proved,0.008227171000044109,0.0012686120001035306,883,3,,,False,6,
machine,affine_conjugacy_mutant_17,conjugacy_mutant,refuted,0.0026088009999511996,0.0003172310000536527,87,3,,1,False,2,
machine,affine_conjugacy_18,conjugacy,proved,0.0019951219999256864,0.0003023980000307347,358,2,,,False,2,
machine,affine_conjugacy_mutant_18,conjugacy_mutant,refuted,0.001295172000027378,0.00014414800011763873,87,2,,1,False,1,
machine,affine_conjugacy_19,conjugacy,proved,0.008734709999998813,0.0012027319999106112,856,3,,,False,6,
machine,affine_conjugacy_mutant_19,conjugacy_mutant,refuted,0.0024660250001034,0.0003338859999075794,87,2,,1,False,2,
machine,affine_conjugacy_20,conjugacy,proved,0.0020286530000248604,0.00031093100005818997,358,2,,,False,2,
machine,affine_conjugacy_mutant_20,conjugacy_mutant,refuted,0.001063360999978613,0.00013760900014858635,87,2,,1,False,1,
machine,affine_conjugacy_21,conjugacy,proved,0.008653096999978516,0.001405879999992976,881,3,,,False,6,
machine,affine_conjugacy_mutant_21,conjugacy_mutant,refuted,0.0029978709999340936,0.0003381920000720129,87,3,,1,False,2,
machine,affine_conjugacy_22,conjugacy,proved,0.0010215170000265061,0.00011653699993985356,200,1,,,False,1,
machine,affine_conjugacy_mutant_22,conjugacy_mutant,refuted,0.0009011649999592919,0.0001128609999341279,87,2,,1,False,1,
machine,affine_conjugacy_23,conjugacy,proved,0.007908508999889818,0.0015007930001047498,915,3,,,False,6,
machine,affine_conjugacy_mutant_23,conjugacy_mutant,refuted,0.0030166389999521925,0.00031177200003185135,87,3,,1,False,2,
IPC,atomic_implication,logical,ipc_countermodel,2.6619999971444486e-05,1.0726000027716509e-05,114,0,1,,,,3
IPC,excluded_middle,logical,ipc_countermodel,3.48529999882885e-05,1.3039999885222642e-05,126,0,2,,,,4
IPC,double_negation_elimination,logical,ipc_countermodel,3.705599988279573e-05,1.5563000033580465e-05,126,0,2,,,,4
IPC,peirce,logical,ipc_countermodel,4.542900001069938e-05,1.601400003892195e-05,144,0,2,,,,8
IPC,weak_excluded_middle,logical,ipc_countermodel,5.0806999979613465e-05,2.095199988616514e-05,162,0,3,,,,7
IPC,linearity,logical,ipc_countermodel,8.32059999993362e-05,1.7156000012619188e-05,185,0,3,,,,21
IPC,contextual_failure,logical,ipc_countermodel,1.3269999953990919e-05,7.401999937428627e-06,114,0,1,,,,3
IPC,disjunction_does_not_select,logical,ipc_countermodel,1.9089000034000492e-05,8.913999863580102e-06,114,0,1,,,,2
IPC,identity,logical,unknown,3.195800013600092e-05,,0,0,,,,,14
IPC,composition,logical,unknown,0.001004101000035007,,0,0,,,,,224
IPC,conjunction_projection,logical,unknown,0.00010435800004415796,,0,0,,,,,54
IPC,disjunction_injection,logical,unknown,0.00010365700018155621,,0,0,,,,,54
IPC,ex_falso,logical,unknown,3.068599994549004e-05,,0,0,,,,,14
IPC,double_negation_introduction,logical,unknown,4.7090999942156486e-05,,0,0,,,,,14
IPC,disjunction_elimination,logical,unknown,0.0010353679999752785,,0,0,,,,,224
IPC,noncontradiction,logical,unknown,4.438699988895678e-05,,0,0,,,,,14
